path	sha256
00_source/LICENSE.txt	1a17bb4c41476e7c0c3bbb29bf8a73dac0423684aca05908ad6cceb2af17bbd6
00_source/fes.jsonl	765e8756e7aa869a5d95d4b37de912f2ae600f96a7c0757058a745ba384b96be
00_source/frames.jsonl	bbcd889caa42a168b4cd23d77bdeb9639d087abc6a51d78df05d0cc8983d9257
00_source/relations.jsonl	b14c8ea440b2f90f9d6e093b681b16466456b9dd7d2c3929f92b5d7cd68e04bd
01_glossary/APPROVAL_LOG.txt	db66a442607309125af7014ce1d82f94640a6db72930d2c85966cc59878a2839
01_glossary/fe_glossary.tsv	54e985dc302c4a2e96c5218d08166d0f75b74ea1e9764bc2eb9baf16f50925d7
01_glossary/frame_names.tsv	e65ab9cbbcbc2c2510b1a9b70621aedef9f33c93b0c76c5fb031b24fb2178b29
01_glossary/grammar_glossary.tsv	039aa6f4c47de957b17a59b87606600bdcbdaf1078037dec5cabb6581b19841e
01_glossary/names_map.tsv	914a395ac9b16093fce5753d0671144445c74bd165e6a61f1917c9db16fac16d
01_glossary/names_map_a.tsv	0f6d6589b267d38dd28480382b460adc6281355525e4d6fd28e0608631036b35
01_glossary/names_map_b.tsv	62ff2cd28da0bd931ae3a2358b9e08fb1a591ed390bc9be249c34b8d9bc898c4
01_glossary/names_map_c.tsv	c2e55439ab47fcffbb3a6af84bd9a6054be343911b1e8bdaafec4d23bb459140
01_glossary/relation_types.tsv	03b2fc23d297a47c17b9fbef485feed446630d2c68b355b8a942cec6b629dae4
02_frames_ar/GATE_2_CLOSED	e3b0c44298fc1c149afbf4c8996fb92427ae41e4649b934ca495991b7852b855
02_frames_ar/all_frames.txt	04291f472bbbd82be0dd5e3604e65131da8bed87e929b66bec6010f7b017bd9d
02_frames_ar/full_a_fes_ar.jsonl	069bae9a503376fe519053cf63b2279b1d58da6def65aa52b13886128a5afdcc
02_frames_ar/full_a_frames_ar.jsonl	ef3d59c0a5c7aa5c3d46d8117066a796303c0ad02afe3b564aefcc486f43128a
02_frames_ar/full_a_rejected.jsonl	e3b0c44298fc1c149afbf4c8996fb92427ae41e4649b934ca495991b7852b855
02_frames_ar/full_b_fes_ar.jsonl	44cab54e17ea993409cee9cb2b8c6199c7063ccb9979f2b486a79c32457de9dd
02_frames_ar/full_b_frames_ar.jsonl	803defefbc4428c4bcd5a15e617e47677f9d8b2c24f9dc68ba21340d1fae5160
02_frames_ar/full_b_rejected.jsonl	e3b0c44298fc1c149afbf4c8996fb92427ae41e4649b934ca495991b7852b855
02_frames_ar/full_c_fes_ar.jsonl	78d66bfad45e6ca2651887fdecd140e1129465c75e18dd4adb03a09bddaf2926
02_frames_ar/full_c_frames_ar.jsonl	dc353f92fa9457d6d2644a6262270b1614105cb469cfaf40b1ec6ff385917dff
02_frames_ar/full_c_rejected.jsonl	e3b0c44298fc1c149afbf4c8996fb92427ae41e4649b934ca495991b7852b855
02_frames_ar/full_fes_ar.jsonl	e727bb2d2fdf6e13b5078a8e9077d0bd450313229d5c0f710745d06d798f37da
02_frames_ar/full_frames_ar.jsonl	0d816ef9e7367934a222e7425bd975bf7200e84cba6a7dd5cda20b4718271a72
02_frames_ar/full_rejected.jsonl	e3b0c44298fc1c149afbf4c8996fb92427ae41e4649b934ca495991b7852b855
02_frames_ar/l2_all_frames.txt	a0c94beaddcd9f2c420facfd93c2b344262f47713327a3ab50b966313c29654e
02_frames_ar/pilot_fes_ar.jsonl	cfbbe2ba1f9381660ad1500204e55e2b0f699de739a80567d4c90e00916027c4
02_frames_ar/pilot_frames.txt	993acd7cd953b89329a2c607bf52c7d1fcb588428bbd26fde76458736daca0c6
02_frames_ar/pilot_frames_ar.jsonl	f530a13d11381e1c77ffa12636461d0e5f97dbaf74f16a207adc5b3fe3a88a9c
02_frames_ar/pilot_rejected.jsonl	e3b0c44298fc1c149afbf4c8996fb92427ae41e4649b934ca495991b7852b855
02_frames_ar/shard_a.txt	2ec9f3ff63f2cf8f53ae21685ed5be1c21b8effee4201ced61d76b693d5f1a17
02_frames_ar/shard_b.txt	f5f8ea07447f1a8d21b39f128d4152d0baed227865565c7d0c269035ee80cda7
02_frames_ar/shard_c.txt	39b1035e3433da0fc27b42b615562fe7cbdd945bf4eeaf56f48b76af1b54587a
03_lus_ar/l2_017_cand_norm.csv	92813e3c837f8948861f985afe823e9972404d22a4fbb8bb7794d6ed25e9de0d
03_lus_ar/l2_017_cand_norm2.csv	70ebb67d7eb627e0ed08819979f11a2f3d4689792349791e22deebf1c6aa5fa5
03_lus_ar/l2_017_cand_raw.csv	4f566faef91ca2fea544ba5d0e26297be8e8b3347400f0ef54fd43c3f07484c1
03_lus_ar/l2_017_deferred.csv	deebeca6970abba2b1d3d354786926dbd7b8c0b292c33a4a1dd6fc2c2d871f08
03_lus_ar/l2_017_nae.csv	59ecb7048a51fb202dc816d273b3f4037ac8eb4e93abc1c6d81f4535c7c295a0
03_lus_ar/lus_ar.csv	118089aa8a9ddce0a10b8e5f9f2a3c6f744fe6071077f599e41169ba1b3e7503
03_lus_ar/lus_en_status.csv	27afd466e68d0a4a0aa107b2d400476ec4e9ba7e9ee1acf03dda237183ca80f7
03_lus_ar/lus_rejected.csv	efa1f9c195700b57c7fb4814fb39e07a3e6ae81da22853d9dc3c6817d3747cd4
03_lus_ar/lus_template.csv	75a240ae7dfc420c5c55c0ec238d146f4c27b7d4a6c6fa837b9c92602def1db9
03_lus_ar/pos_ar_closed.txt	e97aecc8c732257ab12629aa1452c6d1e3bf3e170edd0ccfc74fb09052fe6bf6
03_lus_ar/pos_glossary.tsv	963020f3f1ebc81383d38c8adefc1c492905d9999dc7fae2be1277274d33e5f2
03_lus_ar/root_alert_waived.txt	d51dc911a7e574a2801a9082f900267779c98ac1199c8d00b81e2db22ec577d7
03_lus_ar/v21_roots_index.csv	6b8beda92318b93eaa160e2e152228cd7cb15f4c858c78cb9f2421bf494dd174
03_lus_ar/wazn_nouns_inventory.csv	992f5e4a2e1851747988889ae6f9cd2c98543e13e11401a3a4102d41562a813b
03_lus_ar/wazn_owner_l2_015.csv	cbcfb88029c6588fb7919a0de7472df461e16571d61f84cdd864bf97de89f88a
AGENT_PROMPT_v2.md	f0abcfd2a1eeec0615dcb840170143c8aa2f8a885756033cdb36e64027e2d16e
CONTINUE_005.md	8a5ac9f4f166ba0e744e1acd5b8f9462ef71c37c975248d957bca75af25eb334
CONTINUE_006.md	037473ab3590d12b08117d23e877b0e2d4cc95844c07c6b4784b36b98c4c053a
HANDOFF_ARABIC_FRAMENET_USE.md	97ea835102dc1d4f1e5fc1fe99156f9131804c1f04e768bb94d2016d550802c7
api/afn_api.py	2c7eddae25eebc8bc149df9bb53f6ea402842d5856bb38588cfefef347918ef4
docs/PROJECT_PLAN.md	670569dbac725acdcb4906691f8742377e845dd1c32f9571bba91451564494fa
frame_relations_ar.csv	17354431c7b8d4b364bab644bba42f09000b1f1802d697ed32a694faae88c031
release/layer1_v3/APPROVAL_LOG.txt	e1ea52c0510d39b21a008c073fadd7087b4824bab74664fca12a596301254e31
release/layer1_v3/LICENSE.txt	1a17bb4c41476e7c0c3bbb29bf8a73dac0423684aca05908ad6cceb2af17bbd6
release/layer1_v3/MANIFEST.json	84c69ebbd0c125c2792d97b1f7b941c162d2dd6dd3dce433a72bdcd53c589cc1
release/layer1_v3/README.md	8e308abd7992f3a8b5180749162d12403d79cd2512e21f37c74e51598cfe419e
release/layer1_v3/fe_glossary.tsv	54e985dc302c4a2e96c5218d08166d0f75b74ea1e9764bc2eb9baf16f50925d7
release/layer1_v3/frame_elements_ar.jsonl	febd834b399dc7f8069bcfc67657397eecc00410b5028e859b9be1ae640b307e
release/layer1_v3/frame_names.tsv	e65ab9cbbcbc2c2510b1a9b70621aedef9f33c93b0c76c5fb031b24fb2178b29
release/layer1_v3/frame_relations.jsonl	e4f334b0efb52c455d7073ec279b0f5f37abee9acea60dfe6932272cb46299a3
release/layer1_v3/frames_ar.jsonl	556fdfe898c49e380b8c56db903acbee696a50b5db7332572128fb28978710c1
release/layer1_v3/grammar_glossary.tsv	039aa6f4c47de957b17a59b87606600bdcbdaf1078037dec5cabb6581b19841e
release/layer1_v3/names_map.tsv	914a395ac9b16093fce5753d0671144445c74bd165e6a61f1917c9db16fac16d
release/layer1_v3/relation_types.tsv	03b2fc23d297a47c17b9fbef485feed446630d2c68b355b8a942cec6b629dae4
release/layer2_v3/06_check_lus.py	67c329c2a45e2765ddda0f370d6d0498a32d2bd5692eafa0cf1b76d78172380d
release/layer2_v3/APPROVAL_LOG.txt	75ff86bd205ce15bc2100cfb7c720ec684cf7762c19871572bd31319ca3c94b5
release/layer2_v3/LICENSE.txt	1a17bb4c41476e7c0c3bbb29bf8a73dac0423684aca05908ad6cceb2af17bbd6
release/layer2_v3/MANIFEST.json	2246dc4c11c481157726a015954f9e65c4e4d3ea0f583955a246d5caccbd90f7
release/layer2_v3/README.md	32d550f1d3e75070652d4e26478eb3d5db450e249b69e7dec9020bc4fc938df5
release/layer2_v3/lus_ar.csv	1e16f22ad1e97b4f0cbb55be8bd39942945edb4f5171e294574463fe849def26
release/layer2_v3/lus_en_status.csv	8823274540805d59f0df7c73014814aff74e368a428d76473b3aaee4e5879964
release/layer2_v3/pos_ar_closed.txt	e97aecc8c732257ab12629aa1452c6d1e3bf3e170edd0ccfc74fb09052fe6bf6
release/layer2_v3/pos_glossary.tsv	963020f3f1ebc81383d38c8adefc1c492905d9999dc7fae2be1277274d33e5f2
release/layer2_v3/root_alert_waived.txt	d51dc911a7e574a2801a9082f900267779c98ac1199c8d00b81e2db22ec577d7
release/layer2_v3/v21_roots_index.csv	6b8beda92318b93eaa160e2e152228cd7cb15f4c858c78cb9f2421bf494dd174
release/layer2_v3/wazn_nouns_inventory.csv	92239e03679007a2b8d28113578cc7262ac01c0f9eceb3b56b7823d0871cd4aa
release/layer2_v3/wazn_owner_l2_015.csv	cbcfb88029c6588fb7919a0de7472df461e16571d61f84cdd864bf97de89f88a
release/layer2_v3/wazn_rules.py	2134829f59724fd77f9de89dd2c0c529cfb40c94c95b7a585087ebfb30512e0d
scripts/01_extract_layer1.py	1798e7c674c16437cf1e29750c2ece3ce89125c2d925a64de3c8ffcfe43cba5d
scripts/02_macdict_lookup.py	b6346146f8773644769bbae355e10e2b58c60b1153cdd315cd04e1d6cc1ecd64
scripts/03_agent_translate_defs.py	266aacf05969cab5b9e51f2c3584e560043d2eee94613f40bdb08be1cb419b1e
scripts/04_check_pilot.py	807ecae384e97fb43585466539bfb49e75e00af8d870a3b33ac508908680478d
scripts/05_freeze_release.py	596faea55f29bad6dc7cb5cb3edff8aad7e5ccac0221638cec7d4c83f27b976e
scripts/06_check_lus.py	67c329c2a45e2765ddda0f370d6d0498a32d2bd5692eafa0cf1b76d78172380d
scripts/07_fill_evidence.py	4900afcb6a6836789c4292610011a545318d8275dfab62c241a699a8c6a627a3
scripts/08_apply_fem_wazn.py	4f9cda308cea8748d73f821004b710ad96f9878b8985600ffd75781ab5bb2e47
scripts/09_apply_pos_l2_007.py	6c8f21f5d94553d1b373161f41c259718b24da348fbd736ecf7add90fe1ff629
scripts/10_v21_root_index.py	d5046b579f36855c0cda359e70bf2e2af7e8f5458640098768795c51c25a0af8
scripts/11_fill_evidence_v21.py	bbe72d951db2d65dd3a836048a70a41106bff53d92bfd1dd5863b1e0a7d38931
scripts/12_freeze_layer2.py	5056a29ae83ae3004b8749a31c90fc5a3e2ed20c56e554012e6df8f845dce442
scripts/13_relicense_release.py	87545288846de9964715bef1acc950bee9fbf88bc02721307cc8de929d121ec7
scripts/14_strip_release.py	40707512fda2e54a83d7282d236d0fad3db2ef2a2546851f2d075596167ecc3e
scripts/15_build_github_export.py	757c50ac78b5017cabbc178f12fd64d42bdd3e46d6a6b4d1f7034e50adc26893
scripts/16_normalize_l2_017.py	8c95f7d01be2a27fc30045f22e715dbfdc369ac358f92f337e04174fb8de7bea
scripts/17_l2_018_pos_and_review.py	36cf5088e30b90b15ab28dc7a4dc926b8fb82634e00a304a38174e68d7c71352
scripts/18_merge_l2_017.py	6c2f3ebcf22cb69fc64fae6aa0d95ac673c7b8263c930ec81ae82a7ed04eca5d
scripts/19_approve_l2_019.py	d59cc6565cb487835724d7d7e185992d9d7f3a133890b6517c6b5a90eff38198
scripts/fix_pass_002.py	085b4fbd522f639f570cef248ebc6a9a7ebc8d87b099300f9b68745be8b399ad
scripts/make_shards.py	02917d2c82509413a7a5a113c2df0d8d1ea939b78523acb07bf6e98aae90ecf2
scripts/merge_shards.py	dc9fcb700db97d205fb5e3f0e8548157da6b7a05387560b00939a1571fb39767
scripts/resolve_names_and_merge.py	548f52c98e663d0b60df424c60119f3bb628531f9ba2781f0882ee5acbb3262b
scripts/run_shard.sh	b6573e12c1378bb735ffc7f3ed0456c379bb1ca1e036c4999fd71aad3163cdc6
scripts/run_until_done.sh	a8797c9cfa56e464c0d540a0985051438de5650f9a5100884d93bfc93bcfc445
scripts/wazn_rules.py	2134829f59724fd77f9de89dd2c0c529cfb40c94c95b7a585087ebfb30512e0d
