ar_lu_id,lemma_ar,pos_ar,root,wazn,definition_ar,changed,reason
AR05554,دَوَّنَ,فعل,دون,فَعَّلَ,سجل رسمياً,root,
AR05567,سِكَّة,اسم جامد,سكك,فِعَّة,مسار للقطارات,root,
AR05569,مَعْبَر,اسم مكان,عبر,مَفْعَل,ممر يعبر منه المشاة في الطريق,"lemma,pos,wazn,definition,root",المعبر اسم مكان من عبر
AR05574,مَدْرَج,اسم مكان,درج,مَفْعَل,ممر للطائرات,root,
AR05577,مُدْمِن,اسم فاعل,دمن,مُفْعِل,شخص مدمن,root,
AR05578,إِدْمَان,مصدر,دمن,إِفْعَال,الاعتماد الشديد,"pos,root",مصدر الفعل أدمن
AR05579,قَهْرِيّ,اسم منسوب,قهر,فَعْلِيّ,ناتج عن دافع,"lemma,pos,wazn,root",نسبة إلى القهر مع ضبط الشدة
AR05580,عَادَة,اسم جامد,عود,فَعْلَة,الإدمان على سلوك,root,
AR05581,مَخْمُور,اسم مفعول,خمر,مَفْعُول,تحت تأثير مادة,root,
AR05582,سَكْرَان,صفة مشبهة,سكر,فَعْلَان,فاقد التحكم,root,
AR05583,ثَمِل,صفة مشبهة,ثمل,فَعِل,متأثر بالشراب فقد اتزانه,"lemma,pos,root,wazn,definition",مسكر بمعنى مذهب للعقل وليس وصف المتأثر
AR05584,صَاحِي,اسم فاعل,صحو,فَاعِل,غير متأثر,"lemma,pos,wazn,root",بلا تنوين وهو اسم فاعل من صحا
AR05585,نَشْوَان,صفة مشبهة,نشو,فَعْلَان,في سكر خفيف,root,
AR05586,هَلْوَسَة,مصدر,هلوس,فَعْلَلَة,تجربة هلوسية,"pos,root",مصدر هلوس
AR05587,شَرْق,ظرف,شرق,فَعْل,نحو الشروق,root,
AR05590,يَسَار,ظرف,يسر,فَعَال,الجانب الأيسر,root,
AR05591,يَمِين,ظرف,يمن,فَعِيل,الجانب الأيمن,root,
AR05592,شِمَال,ظرف,شمل,فِعَال,الاتجاه الشمالي,root,
AR05593,جَنُوب,اسم جامد,جنب,فَعُول,الاتجاه الجنوبي,root,
AR05594,شَرْق,اسم جامد,شرق,فَعْل,اتجاه الشروق,root,
AR05595,جَنُوب,ظرف,جنب,فَعُول,نحو الجنوب,root,
AR05597,خَارِج,ظرف,خرج,فَاعِل,بعيداً عن مكان,"lemma,wazn,root",حذف حرف الجر
AR05598,شِمَال,اسم جامد,شمل,فِعَال,الاتجاه الشمالي,root,
AR05599,غَرْب,ظرف,غرب,فَعْل,نحو الغروب,root,
AR05601,اتِّجَاه,مصدر,وجه,اِفْتِعَال,اتجاه محدد,"pos,root",مصدر اتجه
AR05602,عَاقَبَ,فعل,عقب,فَاعَلَ,فرض عقوبة,root,
AR05603,مُكَافَأَة,مصدر,كفأ,مُفَاعَلَة,شيء يُعطى تقديراً,"pos,root",مصدر كافأ
AR05604,كَافَأَ,فعل,كفأ,فَاعَلَ,أعطى مكافأة,root,
AR05605,أَدَّبَ,فعل,أدب,فَعَّلَ,عاقب رسمياً,root,
AR05606,تَأْدِيبِيّ,اسم منسوب,أدب,تَفْعِيلِيّ,متعلق بالتأديب,"lemma,wazn,root",ضبط الياء المشددة
AR05607,عُقُوبَة,اسم جامد,عقب,فُعُولَة,الجزاء المفروض,root,
AR05608,عِقَابِيّ,اسم منسوب,عقب,فِعَالِيّ,متعلق بالعقاب,"lemma,wazn,root",ضبط الياء المشددة
AR05609,عِقَاب,مصدر,عقب,فِعَال,فعل العقاب,"pos,root",مصدر عاقب
AR05610,عَوَّضَ,فعل,عوض,فَعَّلَ,أعطى تعويضاً,root,
