key,wazn,provenance
أُفاعِلَة,أُفَاعِلَةٌ,L2_005 مؤنث أُفَاعِلٌ
أُفْعُلانَة,أُفْعُلَانَةٌ,L2_005 مؤنث أُفْعُلَانٌ
أُفْعُولَة,أُفْعُولَةٌ,L2_005 مؤنث أُفْعُولٌ
إِفْعالَة,إِفْعَالَةٌ,L2_005 مؤنث إِفْعَالٌ
إِفْعَلَة,إِفْعَلَةٌ,L2_005 مؤنث إِفْعَلٌ
إِفْعَوْلَة,إِفْعَوْلَةٌ,L2_005 مؤنث إِفْعَوْلٌ
إِفْعِلَة,إِفْعِلَةٌ,L2_005 مؤنث إِفْعِلٌ
إِفْعِيلَة,إِفْعِيلَةٌ,L2_005 مؤنث إِفْعِيلٌ
اِسْتِفْعالَة,اِسْتِفْعَالَةٌ,L2_005 مؤنث اِسْتِفْعَالٌ
اِفْتِعالَة,اِفْتِعَالَةٌ,L2_005 مؤنث اِفْتِعَالٌ
اِفْعِلالَة,اِفْعِلَالَةٌ,L2_005 مؤنث اِفْعِلَالٌ
اِفْعِلّالَة,اِفْعِلَّالَةٌ,L2_005 مؤنث اِفْعِلَّالٌ
اِفْعِنْلالَة,اِفْعِنْلَالَةٌ,L2_005 مؤنث اِفْعِنْلَالٌ
اِفْعِوّالَة,اِفْعِوَّالَةٌ,L2_005 مؤنث اِفْعِوَّالٌ
اِفْعِيعالَة,اِفْعِيعَالَةٌ,L2_005 مؤنث اِفْعِيعَالٌ
اِفْعِيلالَة,اِفْعِيلَالَةٌ,L2_005 مؤنث اِفْعِيلَالٌ
اِنْفِعالَة,اِنْفِعَالَةٌ,L2_005 مؤنث اِنْفِعَالٌ
تَفاعُلَة,تَفَاعُلَةٌ,L2_005 مؤنث تَفَاعُلٌ
تَفَعَلُوتَة,تَفَعَلُوتَةٌ,L2_005 مؤنث تَفَعَلُوتٌ
تَفَعُّلَة,تَفَعُّلَةٌ,L2_005 مؤنث تَفَعُّلٌ
تَفَعْلُلَة,تَفَعْلُلَةٌ,L2_005 مؤنث تَفَعْلُلٌ
تَفَعْوُلَة,تَفَعْوُلَةٌ,L2_005 مؤنث تَفَعْوُلٌ
تَفَوْعُلَة,تَفَوْعُلَةٌ,L2_005 مؤنث تَفَوْعُلٌ
تَفَيْعُلَة,تَفَيْعُلَةٌ,L2_005 مؤنث تَفَيْعُلٌ
تَفْعُلَة,تَفْعُلَةٌ,L2_005 مؤنث تَفْعُلٌ
تَفْعُولَة,تَفْعُولَةٌ,L2_005 مؤنث تَفْعُولٌ
تَفْعِيلَة,تَفْعِيلَةٌ,L2_005 مؤنث تَفْعِيلٌ
تَمَفْعُلَة,تَمَفْعُلَةٌ,L2_005 مؤنث تَمَفْعُلٌ
تُفْعَلَة,تُفْعَلَةٌ,L2_005 مؤنث تُفْعَلٌ
تِفْعالَة,تِفْعَالَةٌ,L2_005 مؤنث تِفْعَالٌ
فاعالَة,فَاعَالَةٌ,L2_005 مؤنث فَاعَالٌ
فاعَلَة,فَاعَلَةٌ,L2_005 مؤنث فَاعَلٌ
فاعُولَة,فَاعُولَةٌ,L2_005 مؤنث فَاعُولٌ
فاعِلَة,فَاعِلَةٌ,L2_005 مؤنث فَاعِلٌ
فَعَلانَة,فَعَلانَةٌ,L2_005 مؤنث فَعَلانٌ
فَعَلَة,فَعَلَةٌ,L2_005 مؤنث فَعَلٌ
فَعَلُوتَة,فَعَلُوتَةٌ,L2_005 مؤنث فَعَلُوتٌ
فَعَلُولَة,فَعَلُولَةٌ,L2_005 مؤنث فَعَلُولٌ
فَعَلَّلَة,فَعَلَّلَةٌ,L2_005 مؤنث فَعَلَّلٌ (خماسي)
فَعَلْعالَة,فَعَلْعالَةٌ,L2_005 مؤنث فَعَلْعالٌ
فَعَلْعَلَة,فَعَلْعَلَةٌ,L2_005 مؤنث فَعَلْعَلٌ
فَعَنْعَلَة,فَعَنْعَلَةٌ,L2_005 مؤنث فَعَنْعَلٌ
فَعَنْلَلَة,فَعَنْلَلَةٌ,L2_005 مؤنث فَعَنْلَلٌ
فَعَوَّلَة,فَعَوَّلَةٌ,L2_005 مؤنث فَعَوَّلٌ
فَعَوْعَلَة,فَعَوْعَلَةٌ,L2_005 مؤنث فَعَوْعَلٌ
فَعَوْلَلَة,فَعَوْلَلَةٌ,L2_005 مؤنث فَعَوْلَلٌ
فَعَيْعَلَة,فَعَيْعَلَةٌ,L2_005 مؤنث فَعَيْعَلٌ
فَعَيْلَلَة,فَعَيْلَلَةٌ,L2_005 مؤنث فَعَيْلَلٌ (رباعي)
فَعُلَة,فَعُلَةٌ,L2_005 مؤنث فَعُلٌ
فَعُولَة,فَعُولَةٌ,L2_005 مؤنث فَعُولٌ
فَعِلَة,فَعِلَةٌ,L2_005 مؤنث فَعِلٌ
فَعِيلَة,فَعِيلَةٌ,L2_005 مؤنث فَعِيلٌ
فَعّالَة,فَعَّالَةٌ,L2_005 مؤنث فَعَّالٌ
فَعُّولَة,فَعُّولَةٌ,L2_005 مؤنث فَعُّولٌ
فَعْفَعِيلَة,فَعْفَعِيلَةٌ,L2_005 مؤنث فَعْفَعِيلٌ
فَعْلالَة,فَعْلالَةٌ,L2_005 مؤنث فَعْلالٌ (مضاعف)
فَعْلَة,فَعْلَةٌ,L2_005 مؤنث فَعْلٌ
فَعْلَلُوتَة,فَعْلَلُوتَةٌ,L2_005 مؤنث فَعْلَلُوتٌ
فَعْلَلُولَة,فَعْلَلُولَةٌ,L2_005 مؤنث فَعْلَلُولٌ (خماسي)
فَعْلَلِلَة,فَعْلَلِلَةٌ,L2_005 مؤنث فَعْلَلِلٌ
فَعْلَلِيلَة,فَعْلَلِيلَةٌ,L2_005 مؤنث فَعْلَلِيلٌ (خماسي)
فَعْلَنَة,فَعْلَنَةٌ,L2_005 مؤنث فَعْلَنٌ
فَنْعَلَة,فَنْعَلَةٌ,L2_005 مؤنث فَنْعَلٌ
فَنْعَلِيلَة,فَنْعَلِيلَةٌ,L2_005 مؤنث فَنْعَلِيلٌ
فَيْعالَة,فَيْعالَةٌ,L2_005 مؤنث فَيْعالٌ
فَيْعَلانَة,فَيْعَلانَةٌ,L2_005 مؤنث فَيْعَلانٌ
فَيْعَلُولَة,فَيْعَلُولَةٌ,L2_005 مؤنث فَيْعَلُولٌ
فَيْعُلانَة,فَيْعُلانَةٌ,L2_005 مؤنث فَيْعُلانٌ
فَيْعُولَة,فَيْعُولَةٌ,L2_005 مؤنث فَيْعُولٌ
فُعالَة,فُعَالَةٌ,L2_005 مؤنث فُعَالٌ
فُعالِلَة,فُعَالِلَةٌ,L2_005 مؤنث فُعَالِلٌ
فُعَلَة,فُعَلَةٌ,L2_005 مؤنث فُعَلٌ
فُعَلِّلَة,فُعَلِّلَةٌ,L2_005 مؤنث فُعَلِّلٌ (خماسي)
فُعَلِّيلَة,فُعَلِّيلَةٌ,L2_005 مؤنث فُعَلِّيلٌ
فُعَلْعِلَة,فُعَلْعِلَةٌ,L2_005 مؤنث فُعَلْعِلٌ
فُعَيْلِلانَة,فُعَيْلِلانَةٌ,L2_005 مؤنث فُعَيْلِلانٌ
فُعُلَة,فُعُلَةٌ,L2_005 مؤنث فُعُلٌ
فُعّالَة,فُعَّالَةٌ,L2_005 مؤنث فُعَّالٌ
فُعَّيْلَة,فُعَّيْلَةٌ,L2_005 مؤنث فُعَّيْلٌ
فُعُّولَة,فُعُّولَةٌ,L2_005 مؤنث فُعُّولٌ
فُعْلالَة,فُعْلالَةٌ,L2_005 مؤنث فُعْلالٌ (رباعي)
فُعْلانَة,فُعْلانَةٌ,L2_005 مؤنث فُعْلانٌ
فُعْلَة,فُعْلَةٌ,L2_005 مؤنث فُعْلٌ
فُعْلَلَة,فُعْلَلَةٌ,L2_005 مؤنث فُعْلَلٌ
فُعْلُلانَة,فُعْلُلانَةٌ,L2_005 مؤنث فُعْلُلانٌ
فُعْلُلَة,فُعْلُلَةٌ,L2_005 مؤنث فُعْلُلٌ
فُعْلُمَة,فُعْلُمَةٌ,L2_005 مؤنث فُعْلُمٌ
فُعْلُوانَة,فُعْلُوانَةٌ,L2_005 مؤنث فُعْلُوانٌ
فُعْلُولَة,فُعْلُولَةٌ,L2_005 مؤنث فُعْلُولٌ
فُنْعالَة,فُنْعالَةٌ,L2_005 مؤنث فُنْعالٌ
فُنْعُلَة,فُنْعُلَةٌ,L2_005 مؤنث فُنْعُلٌ
فُواعِلَة,فُوَاعِلَةٌ,L2_005 مؤنث فُوَاعِلٌ
فِعالَة,فِعَالَةٌ,L2_005 مؤنث فِعَالٌ
فِعَلَة,فِعَلَةٌ,L2_005 مؤنث فِعَلٌ
فِعِلّالَة,فِعِلّالَةٌ,L2_005 مؤنث فِعِلّالٌ
فِعِلّانَة,فِعِلّانَةٌ,L2_005 مؤنث فِعِلّانٌ
فِعّالَة,فِعَّالَةٌ,L2_005 مؤنث فِعَّالٌ
فِعَّوْلَة,فِعَّوْلَةٌ,L2_005 مؤنث فِعَّوْلٌ
فِعِّيلَة,فِعِّيلَةٌ,L2_005 مؤنث فِعِّيلٌ
فِعْلاءَة,فِعْلاءَةٌ,L2_005 مؤنث فِعْلاءٌ
فِعْلالَة,فِعْلالَةٌ,L2_005 مؤنث فِعْلالٌ (رباعي)
فِعْلانَة,فِعْلانَةٌ,L2_005 مؤنث فِعْلانٌ
فِعْلَة,فِعْلَةٌ,L2_005 مؤنث فِعْلٌ
فِعْلَلَة,فِعْلَلَةٌ,L2_005 مؤنث فِعْلَلٌ
فِعْلَوْلَة,فِعْلَوْلَةٌ,L2_005 مؤنث فِعْلَوْلٌ
فِعْلِلَة,فِعْلِلَةٌ,L2_005 مؤنث فِعْلِلٌ
فِعْلِمَة,فِعْلِمَةٌ,L2_005 مؤنث فِعْلِمٌ
فِعْلِيانَة,فِعْلِيانَةٌ,L2_005 مؤنث فِعْلِيانٌ
فِعْلِيتَة,فِعْلِيتَةٌ,L2_005 مؤنث فِعْلِيتٌ
فِعْلِيلَة,فِعْلِيلَةٌ,L2_005 مؤنث فِعْلِيلٌ
فِعْنالَة,فِعْنالَةٌ,L2_005 مؤنث فِعْنالٌ
فِعْوالَة,فِعْوالَةٌ,L2_005 مؤنث فِعْوالٌ
فِعْوَلَة,فِعْوَلَةٌ,L2_005 مؤنث فِعْوَلٌ
فِعْيالَة,فِعْيالَةٌ,L2_005 مؤنث فِعْيالٌ
فِعْيَلَة,فِعْيَلَةٌ,L2_005 مؤنث فِعْيَلٌ
فِنْعَلْوَة,فِنْعَلْوَةٌ,L2_005 مؤنث فِنْعَلْوٌ
مَفْعَلَة,مَفْعَلَةٌ,L2_005 مؤنث مَفْعَلٌ
مَفْعُولَة,مَفْعُولَةٌ,L2_005 مؤنث مَفْعُولٌ
مَفْعِلَة,مَفْعِلَةٌ,L2_005 مؤنث مَفْعِلٌ
مُتَفاعَلَة,مُتَفَاعَلَةٌ,L2_005 مؤنث مُتَفَاعَلٌ
مُتَفاعِلَة,مُتَفَاعِلَةٌ,L2_005 مؤنث مُتَفَاعِلٌ
مُتَفَعَّلَة,مُتَفَعَّلَةٌ,L2_005 مؤنث مُتَفَعَّلٌ
مُتَفَعِّلَة,مُتَفَعِّلَةٌ,L2_005 مؤنث مُتَفَعِّلٌ
مُتَفَعْلَلَة,مُتَفَعْلَلَةٌ,L2_005 مؤنث مُتَفَعْلَلٌ
مُتَفَعْلِلَة,مُتَفَعْلِلَةٌ,L2_005 مؤنث مُتَفَعْلِلٌ
مُتَفَعْوِلَة,مُتَفَعْوِلَةٌ,L2_005 مؤنث مُتَفَعْوِلٌ
مُتَفَوْعِلَة,مُتَفَوْعِلَةٌ,L2_005 مؤنث مُتَفَوْعِلٌ
مُتَفَيْعِلَة,مُتَفَيْعِلَةٌ,L2_005 مؤنث مُتَفَيْعِلٌ
مُتَمَفْعِلَة,مُتَمَفْعِلَةٌ,L2_005 مؤنث مُتَمَفْعِلٌ
مُسْتَفْعَلَة,مُسْتَفْعَلَةٌ,L2_005 مؤنث مُسْتَفْعَلٌ
مُسْتَفْعِلَة,مُسْتَفْعِلَةٌ,L2_005 مؤنث مُسْتَفْعِلٌ
مُفاعِلَة,مُفَاعِلَةٌ,L2_005 مؤنث مُفَاعِلٌ
مُفَعَّلَة,مُفَعَّلَةٌ,L2_005 مؤنث مُفَعَّلٌ
مُفَعِّلَة,مُفَعِّلَةٌ,L2_005 مؤنث مُفَعِّلٌ
مُفَعْلَلَة,مُفَعْلَلَةٌ,L2_005 مؤنث مُفَعْلَلٌ
مُفَعْلِلَة,مُفَعْلِلَةٌ,L2_005 مؤنث مُفَعْلِلٌ
مُفَعْنَلَة,مُفَعْنَلَةٌ,L2_005 مؤنث مُفَعْنَلٌ
مُفَعْنِلَة,مُفَعْنِلَةٌ,L2_005 مؤنث مُفَعْنِلٌ
مُفَعْوَلَة,مُفَعْوَلَةٌ,L2_005 مؤنث مُفَعْوَلٌ
مُفَعْوِلَة,مُفَعْوِلَةٌ,L2_005 مؤنث مُفَعْوِلٌ
مُفَعْيَلَة,مُفَعْيَلَةٌ,L2_005 مؤنث مُفَعْيَلٌ
مُفَعْيِلَة,مُفَعْيِلَةٌ,L2_005 مؤنث مُفَعْيِلٌ
مُفَوْعَلَة,مُفَوْعَلَةٌ,L2_005 مؤنث مُفَوْعَلٌ
مُفَوْعِلَة,مُفَوْعِلَةٌ,L2_005 مؤنث مُفَوْعِلٌ
مُفَيْعَلَة,مُفَيْعَلَةٌ,L2_005 مؤنث مُفَيْعَلٌ
مُفَيْعِلَة,مُفَيْعِلَةٌ,L2_005 مؤنث مُفَيْعِلٌ
مُفْتَعَلَة,مُفْتَعَلَةٌ,L2_005 مؤنث مُفْتَعَلٌ
مُفْتَعِلَة,مُفْتَعِلَةٌ,L2_005 مؤنث مُفْتَعِلٌ
مُفْعَلَة,مُفْعَلَةٌ,L2_005 مؤنث مُفْعَلٌ
مُفْعَنْلِلَة,مُفْعَنْلِلَةٌ,L2_005 مؤنث مُفْعَنْلِلٌ
مُفْعَوِّلَة,مُفْعَوِّلَةٌ,L2_005 مؤنث مُفْعَوِّلٌ
مُفْعَوْعِلَة,مُفْعَوْعِلَةٌ,L2_005 مؤنث مُفْعَوْعِلٌ
مُفْعُلَة,مُفْعُلَةٌ,L2_005 مؤنث مُفْعُلٌ
مُفْعِلَة,مُفْعِلَةٌ,L2_005 مؤنث مُفْعِلٌ
مُنْفَعَلَة,مُنْفَعَلَةٌ,L2_005 مؤنث مُنْفَعَلٌ
مُنْفَعِلَة,مُنْفَعِلَةٌ,L2_005 مؤنث مُنْفَعِلٌ
مِفْعالَة,مِفْعَالَةٌ,L2_005 مؤنث مِفْعَالٌ
مِفْعَلَة,مِفْعَلَةٌ,L2_005 مؤنث مِفْعَلٌ
مِفْعِيلَة,مِفْعِيلَةٌ,L2_005 مؤنث مِفْعِيلٌ
يَفْعَلَة,يَفْعَلَةٌ,L2_005 مؤنث يَفْعَلٌ
يَفْعُولَة,يَفْعُولَةٌ,L2_005 مؤنث يَفْعُولٌ
يَفْعِيلَة,يَفْعِيلَةٌ,L2_005 مؤنث يَفْعِيلٌ
اِسْتِفْعال,اِسْتِفْعَالٌ,L2_006 مص من اِسْتَفْعَلَ
اِفْتِعال,اِفْتِعَالٌ,L2_006 مص من اِفْتَعَلَ
اِفْعِلال,اِفْعِلَالٌ,L2_006 مص من اِفْعَلَّ
اِفْعِلّال,اِفْعِلَّالٌ,L2_006 مص من اِفْعَلَلَّ
اِفْعِنْلال,اِفْعِنْلَالٌ,L2_006 مص من اِفْعَنْلَلَ
اِفْعِوّال,اِفْعِوَّالٌ,L2_006 مص من اِفْعَوَّلَ
اِفْعِيعال,اِفْعِيعَالٌ,L2_006 مص من اِفْعَوْعَلَ
اِفْعِيلال,اِفْعِيلَالٌ,L2_006 مص من اِفْعَالَّ
اِنْفِعال,اِنْفِعَالٌ,L2_006 مص من اِنْفَعَلَ
تَفاعُل,تَفَاعُلٌ,L2_006 مص من تَفَاعَلَ
تَفَعُّل,تَفَعُّلٌ,L2_006 مص من تَفَعَّلَ
تَفَعْلُل,تَفَعْلُلٌ,L2_006 مص من تَفَعْلَلَ
تَفَعْوُل,تَفَعْوُلٌ,L2_006 مص من تَفَعْوَلَ
تَفَوْعُل,تَفَوْعُلٌ,L2_006 مص من تَفَوْعَلَ
تَفَيْعُل,تَفَيْعُلٌ,L2_006 مص من تَفَيْعَلَ
تَمَفْعُل,تَمَفْعُلٌ,L2_006 مص من تَمَفْعَلَ
فَعْلَلَة,فَعْلَلَةٌ,L2_006 مص من فَعْلَلَ
فَعْنَلَة,فَعْنَلَةٌ,L2_006 مص من فَعْنَلَ
فَعْوَلَة,فَعْوَلَةٌ,L2_006 مص من فَعْوَلَ
فَعْيَلَة,فَعْيَلَةٌ,L2_006 مص من فَعْيَلَ
فَوْعَلَة,فَوْعَلَةٌ,L2_006 مص من فَوْعَلَ
فَيْعَلَة,فَيْعَلَةٌ,L2_006 مص من فَيْعَلَ
مُتَفاعَل,مُتَفَاعَلٌ,L2_006 مف من تَفَاعَلَ
مُتَفاعِل,مُتَفَاعِلٌ,L2_006 فا من تَفَاعَلَ
مُتَفَعَّل,مُتَفَعَّلٌ,L2_006 مف من تَفَعَّلَ
مُتَفَعِّل,مُتَفَعِّلٌ,L2_006 فا من تَفَعَّلَ
مُتَفَعْلَل,مُتَفَعْلَلٌ,L2_006 مف من تَفَعْلَلَ
مُتَفَعْلِل,مُتَفَعْلِلٌ,L2_006 فا من تَفَعْلَلَ
مُتَفَعْوِل,مُتَفَعْوِلٌ,L2_006 فا من تَفَعْوَلَ
مُتَفَوْعِل,مُتَفَوْعِلٌ,L2_006 فا من تَفَوْعَلَ
مُتَفَيْعِل,مُتَفَيْعِلٌ,L2_006 فا من تَفَيْعَلَ
مُتَمَفْعِل,مُتَمَفْعِلٌ,L2_006 فا من تَمَفْعَلَ
مُسْتَفْعَل,مُسْتَفْعَلٌ,L2_006 مف من اِسْتَفْعَلَ
مُسْتَفْعِل,مُسْتَفْعِلٌ,L2_006 فا من اِسْتَفْعَلَ
مُفاعَل,مُفَاعَلٌ,L2_006 مف من فَاعَلَ
مُفاعَلَة,مُفَاعَلَةٌ,L2_006 مص من فَاعَلَ
مُفَعَّل,مُفَعَّلٌ,L2_006 مف من فَعَّلَ
مُفَعِّل,مُفَعِّلٌ,L2_006 فا من فَعَّلَ
مُفَعْلَل,مُفَعْلَلٌ,L2_006 مف من فَعْلَلَ
مُفَعْلِل,مُفَعْلِلٌ,L2_006 فا من فَعْلَلَ
مُفَعْنَل,مُفَعْنَلٌ,L2_006 مف من فَعْنَلَ
مُفَعْنِل,مُفَعْنِلٌ,L2_006 فا من فَعْنَلَ
مُفَعْوَل,مُفَعْوَلٌ,L2_006 مف من فَعْوَلَ
مُفَعْوِل,مُفَعْوِلٌ,L2_006 فا من فَعْوَلَ
مُفَعْيَل,مُفَعْيَلٌ,L2_006 مف من فَعْيَلَ
مُفَعْيِل,مُفَعْيِلٌ,L2_006 فا من فَعْيَلَ
مُفَوْعَل,مُفَوْعَلٌ,L2_006 مف من فَوْعَلَ
مُفَوْعِل,مُفَوْعِلٌ,L2_006 فا من فَوْعَلَ
مُفَيْعَل,مُفَيْعَلٌ,L2_006 مف من فَيْعَلَ
مُفَيْعِل,مُفَيْعِلٌ,L2_006 فا من فَيْعَلَ
مُفْتَعَل,مُفْتَعَلٌ,L2_006 مف من اِفْتَعَلَ
مُفْتَعِل,مُفْتَعِلٌ,L2_006 فا من اِفْتَعَلَ
مُفْعالٌّ,مُفْعَالٌّ,L2_006 فا من اِفْعَالَّ
مُفْعَلِلٌّ,مُفْعَلِلٌّ,L2_006 فا من اِفْعَلَلَّ
مُفْعَلٌّ,مُفْعَلٌّ,L2_006 فا من اِفْعَلَّ
مُفْعَنْلِل,مُفْعَنْلِلٌ,L2_006 فا من اِفْعَنْلَلَ
مُفْعَوِّل,مُفْعَوِّلٌ,L2_006 فا من اِفْعَوَّلَ
مُفْعَوْعِل,مُفْعَوْعِلٌ,L2_006 فا من اِفْعَوْعَلَ
مُفْعِل,مُفْعِلٌ,L2_006 فا من أَفْعَلَ
مُنْفَعَل,مُنْفَعَلٌ,L2_006 مف من اِنْفَعَلَ
مُنْفَعِل,مُنْفَعِلٌ,L2_006 فا من اِنْفَعَلَ
?,?,SIBAWAYH_EXISTS
أَفْعَل,أَفْعَلُ,SIBAWAYH_EXISTS
أَفْعِلاء,أَفْعِلَاءُ (جمع),SIBAWAYH_EXISTS
أُفاعِل,أُفَاعِلٌ,SIBAWAYH_EXISTS
أُفْعُلان,أُفْعُلَانٌ,SIBAWAYH_EXISTS
أُفْعُول,أُفْعُولٌ,SIBAWAYH_EXISTS
إِفْعال,إِفْعَالٌ,SIBAWAYH_EXISTS
إِفْعَل,إِفْعَلٌ,SIBAWAYH_EXISTS
إِفْعَلٌّ,إِفْعَلٌّ,SIBAWAYH_EXISTS
إِفْعَوْل,إِفْعَوْلٌ,SIBAWAYH_EXISTS
إِفْعِل,إِفْعِلٌ,SIBAWAYH_EXISTS
إِفْعِيل,إِفْعِيلٌ,SIBAWAYH_EXISTS
تَفاعِل,تَفَاعِلُ,SIBAWAYH_EXISTS
تَفاعِيل,تَفَاعِيلُ,SIBAWAYH_EXISTS
تَفَعَلُوت,تَفَعَلُوتٌ,SIBAWAYH_EXISTS
تَفْعُل,تَفْعُلٌ,SIBAWAYH_EXISTS
تَفْعُول,تَفْعُولٌ,SIBAWAYH_EXISTS
تَفْعِلَة,تَفْعِلَةٌ,SIBAWAYH_EXISTS
تَفْعِيل,تَفْعِيلٌ,SIBAWAYH_EXISTS
تُفْعَل,تُفْعَلٌ,SIBAWAYH_EXISTS
تِفْعال,تِفْعَالٌ,SIBAWAYH_EXISTS
فاعال,فَاعَالٌ,SIBAWAYH_EXISTS
فاعَل,فَاعَلٌ,SIBAWAYH_EXISTS
فاعُول,فَاعُولٌ,SIBAWAYH_EXISTS
فاعِل,فَاعِلٌ,SIBAWAYH_EXISTS
فاعِلاء,فَاعِلَاءُ,SIBAWAYH_EXISTS
فَعائِل,فَعَائِلُ,SIBAWAYH_EXISTS
فَعاعِل,فَعَاعِلُ,SIBAWAYH_EXISTS
فَعاعِيل,فَعَاعِيلُ,SIBAWAYH_EXISTS
فَعال,فَعَالٍ,SIBAWAYH_EXISTS
فَعالاء,فَعَالَاءُ,SIBAWAYH_EXISTS
فَعالَى,فَعَالَى,SIBAWAYH_EXISTS
فَعالِل,فَعَالِلُ,SIBAWAYH_EXISTS
فَعالِلُ/فَعالِيل,فَعَالِلُ/فَعَالِيلُ,SIBAWAYH_EXISTS
فَعالِن,فَعَالِنُ,SIBAWAYH_EXISTS
فَعالِيت,فَعَالِيتُ,SIBAWAYH_EXISTS
فَعالِيل,فَعَالِيلُ,SIBAWAYH_EXISTS
فَعالِين,فَعَالِينُ,SIBAWAYH_EXISTS
فَعالِيَة,فَعَالِيَةٌ,SIBAWAYH_EXISTS
فَعالِيُّ,فَعَالِيُّ,SIBAWAYH_EXISTS
فَعالَّة,فَعَالَّةٌ,SIBAWAYH_EXISTS
فَعاوِل,فَعَاوِلُ,SIBAWAYH_EXISTS
فَعاوِيل,فَعَاوِيلُ,SIBAWAYH_EXISTS
فَعايِل,فَعَايِلُ,SIBAWAYH_EXISTS
فَعايِيل,فَعَايِيلُ,SIBAWAYH_EXISTS
فَعَل,فَعَلٌ,SIBAWAYH_EXISTS
فَعَلان,فَعَلانٌ,SIBAWAYH_EXISTS
فَعَلَى,فَعَلَى,SIBAWAYH_EXISTS
فَعَلُوت,فَعَلُوتٌ,SIBAWAYH_EXISTS
فَعَلُول,فَعَلُولٌ,SIBAWAYH_EXISTS
فَعَلَّل,فَعَلَّلٌ (خماسي),SIBAWAYH_EXISTS
فَعَلْعال,فَعَلْعالٌ,SIBAWAYH_EXISTS
فَعَلْعَل,فَعَلْعَلٌ,SIBAWAYH_EXISTS
فَعَلْنِيَة,فَعَلْنِيَةٌ,SIBAWAYH_EXISTS
فَعَنْعَل,فَعَنْعَلٌ,SIBAWAYH_EXISTS
فَعَنْلَل,فَعَنْلَلٌ,SIBAWAYH_EXISTS
فَعَنْلَى,فَعَنْلَى,SIBAWAYH_EXISTS
فَعَنْلُوَة,فَعَنْلُوَةٌ,SIBAWAYH_EXISTS
فَعَوَّل,فَعَوَّلٌ,SIBAWAYH_EXISTS
فَعَوْعَل,فَعَوْعَلٌ,SIBAWAYH_EXISTS
فَعَوْلَل,فَعَوْلَلٌ,SIBAWAYH_EXISTS
فَعَوْلَلَى,فَعَوْلَلَى,SIBAWAYH_EXISTS
فَعَيَّلٌ?,فَعَيَّلٌ?,SIBAWAYH_EXISTS
فَعَيْعَل,فَعَيْعَلٌ,SIBAWAYH_EXISTS
فَعَيْلَل,فَعَيْلَلٌ (رباعي),SIBAWAYH_EXISTS
فَعُل,فَعُلٌ,SIBAWAYH_EXISTS
فَعُول,فَعُولٌ,SIBAWAYH_EXISTS
فَعُولَى,فَعُولَى,SIBAWAYH_EXISTS
فَعِل,فَعِلٌ,SIBAWAYH_EXISTS
فَعِلّانٌ?,فَعِلّانٌ?,SIBAWAYH_EXISTS
فَعِيل,فَعِيلٌ,SIBAWAYH_EXISTS
فَعّال,فَعَّالٌ,SIBAWAYH_EXISTS
فَعُّول,فَعُّولٌ,SIBAWAYH_EXISTS
فَعْفَعِيل,فَعْفَعِيلٌ,SIBAWAYH_EXISTS
فَعْل,فَعْلٌ,SIBAWAYH_EXISTS
فَعْلاء,فَعْلاءُ,SIBAWAYH_EXISTS
فَعْلال,فَعْلالٌ (مضاعف),SIBAWAYH_EXISTS
فَعْلان,فَعْلانُ,SIBAWAYH_EXISTS
فَعْلَتَة,فَعْلَتَةٌ,SIBAWAYH_EXISTS
فَعْلَل,فَعْلَلٌ,SIBAWAYH_EXISTS
فَعْلَلاء,فَعْلَلاءُ,SIBAWAYH_EXISTS
فَعْلَلَى,فَعْلَلَى,SIBAWAYH_EXISTS
فَعْلَلُوت,فَعْلَلُوتٌ,SIBAWAYH_EXISTS
فَعْلَلُول,فَعْلَلُولٌ (خماسي),SIBAWAYH_EXISTS
فَعْلَلِل,فَعْلَلِلٌ,SIBAWAYH_EXISTS
فَعْلَلِيل,فَعْلَلِيلٌ (خماسي),SIBAWAYH_EXISTS
فَعْلَن,فَعْلَنٌ,SIBAWAYH_EXISTS
فَعْلَى,فَعْلَى (لغير التأنيث),SIBAWAYH_EXISTS
فَعْلُوَة,فَعْلُوَةٌ,SIBAWAYH_EXISTS
فَعْوَل,فَعْوَلٌ,SIBAWAYH_EXISTS
فَناعِل,فَنَاعِلُ,SIBAWAYH_EXISTS
فَنْعَل,فَنْعَلٌ,SIBAWAYH_EXISTS
فَنْعَلِيل,فَنْعَلِيلٌ,SIBAWAYH_EXISTS
فَواعِل,فَوَاعِلُ,SIBAWAYH_EXISTS
فَواعِيل,فَوَاعِيلُ,SIBAWAYH_EXISTS
فَوْعَل,فَوْعَلٌ,SIBAWAYH_EXISTS
فَوْعَلَى,فَوْعَلَى,SIBAWAYH_EXISTS
فَياعِل,فَيَاعِلُ,SIBAWAYH_EXISTS
فَياعِيل,فَيَاعِيلُ,SIBAWAYH_EXISTS
فَيْعال,فَيْعالٌ,SIBAWAYH_EXISTS
فَيْعَل,فَيْعَلٌ,SIBAWAYH_EXISTS
فَيْعَلان,فَيْعَلانٌ,SIBAWAYH_EXISTS
فَيْعَلُول,فَيْعَلُولٌ,SIBAWAYH_EXISTS
فَيْعُلان,فَيْعُلانٌ,SIBAWAYH_EXISTS
فَيْعُول,فَيْعُولٌ,SIBAWAYH_EXISTS
فُعال,فُعَالٌ,SIBAWAYH_EXISTS
فُعالَى,فُعَالَى,SIBAWAYH_EXISTS
فُعالِل,فُعَالِلٌ,SIBAWAYH_EXISTS
فُعالِيَة,فُعَالِيَةٌ,SIBAWAYH_EXISTS
فُعَل,فُعَلٌ,SIBAWAYH_EXISTS
فُعَلاء,فُعَلاءُ,SIBAWAYH_EXISTS
فُعَلِيلٌ?,فُعَلِيلٌ?,SIBAWAYH_EXISTS
فُعَلِّل,فُعَلِّلٌ (خماسي),SIBAWAYH_EXISTS
فُعَلِّلٌ/فُعُلُّل,فُعَلِّلٌ/فُعُلُّلٌ,SIBAWAYH_EXISTS
فُعَلِّيل,فُعَلِّيلٌ,SIBAWAYH_EXISTS
فُعَلِّيَة,فُعَلِّيَةٌ,SIBAWAYH_EXISTS
فُعَلْعِل,فُعَلْعِلٌ,SIBAWAYH_EXISTS
فُعَيِّلٌ?,فُعَيِّلٌ?,SIBAWAYH_EXISTS
فُعَيْلِلان,فُعَيْلِلانٌ,SIBAWAYH_EXISTS
فُعُل,فُعُلٌ,SIBAWAYH_EXISTS
فُعُلّانٌ?,فُعُلّانٌ?,SIBAWAYH_EXISTS
فُعُلٌّ,فُعُلٌّ,SIBAWAYH_EXISTS
فُعُنْلَةٌ?,فُعُنْلَةٌ?,SIBAWAYH_EXISTS
فُعّال,فُعَّالٌ,SIBAWAYH_EXISTS
فُعَّلٌّ?,فُعَّلٌّ?,SIBAWAYH_EXISTS
فُعَّيْل,فُعَّيْلٌ,SIBAWAYH_EXISTS
فُعَّيْلَى,فُعَّيْلَى,SIBAWAYH_EXISTS
فُعُّول,فُعُّولٌ,SIBAWAYH_EXISTS
فُعْل,فُعْلٌ,SIBAWAYH_EXISTS
فُعْلال,فُعْلالٌ (رباعي),SIBAWAYH_EXISTS
فُعْلان,فُعْلانٌ,SIBAWAYH_EXISTS
فُعْلَل,فُعْلَلٌ,SIBAWAYH_EXISTS
فُعْلَى,فُعْلَى,SIBAWAYH_EXISTS
فُعْلُل,فُعْلُلٌ,SIBAWAYH_EXISTS
فُعْلُلان,فُعْلُلانٌ,SIBAWAYH_EXISTS
فُعْلُلٌّ,فُعْلُلٌّ,SIBAWAYH_EXISTS
فُعْلُم,فُعْلُمٌ,SIBAWAYH_EXISTS
فُعْلُوان,فُعْلُوانٌ,SIBAWAYH_EXISTS
فُعْلُول,فُعْلُولٌ,SIBAWAYH_EXISTS
فُعْلُوَة,فُعْلُوَةٌ,SIBAWAYH_EXISTS
فُنْعال,فُنْعالٌ,SIBAWAYH_EXISTS
فُنْعُل,فُنْعُلٌ,SIBAWAYH_EXISTS
فُواعِل,فُوَاعِلٌ,SIBAWAYH_EXISTS
فِعال,فِعَالٌ,SIBAWAYH_EXISTS
فِعَل,فِعَلٌ,SIBAWAYH_EXISTS
فِعَلٌّ,فِعَلٌّ,SIBAWAYH_EXISTS
فِعَلُّولٌ?,فِعَلُّولٌ?,SIBAWAYH_EXISTS
فِعَنْلَى,فِعَنْلَى,SIBAWAYH_EXISTS
فِعِلّال,فِعِلّالٌ,SIBAWAYH_EXISTS
فِعِلّان,فِعِلّانٌ,SIBAWAYH_EXISTS
فِعِلٌّ,فِعِلٌّ,SIBAWAYH_EXISTS
فِعِلَّى?,فِعِلَّى?,SIBAWAYH_EXISTS
فِعّال,فِعَّالٌ,SIBAWAYH_EXISTS
فِعَّلٌّ,فِعَّلٌّ,SIBAWAYH_EXISTS
فِعَّوْل,فِعَّوْلٌ,SIBAWAYH_EXISTS
فِعِّيل,فِعِّيلٌ,SIBAWAYH_EXISTS
فِعِّيلَى,فِعِّيلَى,SIBAWAYH_EXISTS
فِعْل,فِعْلٌ,SIBAWAYH_EXISTS
فِعْلاء,فِعْلاءٌ,SIBAWAYH_EXISTS
فِعْلال,فِعْلالٌ (رباعي),SIBAWAYH_EXISTS
فِعْلان,فِعْلانٌ,SIBAWAYH_EXISTS
فِعْلَل,فِعْلَلٌ,SIBAWAYH_EXISTS
فِعْلَلاء,فِعْلَلاءُ,SIBAWAYH_EXISTS
فِعْلَلٌّ,فِعْلَلٌّ (خماسي),SIBAWAYH_EXISTS
فِعْلَنًى?,فِعْلَنًى?,SIBAWAYH_EXISTS
فِعْلَوْل,فِعْلَوْلٌ,SIBAWAYH_EXISTS
فِعْلَى,فِعْلَى (لغير التأنيث),SIBAWAYH_EXISTS
فِعْلِل,فِعْلِلٌ,SIBAWAYH_EXISTS
فِعْلِم,فِعْلِمٌ,SIBAWAYH_EXISTS
فِعْلِيان,فِعْلِيانٌ,SIBAWAYH_EXISTS
فِعْلِيت,فِعْلِيتٌ,SIBAWAYH_EXISTS
فِعْلِيل,فِعْلِيلٌ,SIBAWAYH_EXISTS
فِعْلِيَة,فِعْلِيَةٌ,SIBAWAYH_EXISTS
فِعْنال,فِعْنالٌ,SIBAWAYH_EXISTS
فِعْوال,فِعْوالٌ,SIBAWAYH_EXISTS
فِعْوَل,فِعْوَلٌ,SIBAWAYH_EXISTS
فِعْوَلٌّ,فِعْوَلٌّ,SIBAWAYH_EXISTS
فِعْيال,فِعْيالٌ,SIBAWAYH_EXISTS
فِعْيَل,فِعْيَلٌ,SIBAWAYH_EXISTS
فِنْعَلْو,فِنْعَلْوٌ,SIBAWAYH_EXISTS
فِيعالٌ?,فِيعالٌ?,SIBAWAYH_EXISTS
فِيَعْلٌ?,فِيَعْلٌ?,SIBAWAYH_EXISTS
مَفاعِلُ/مَفاعِيل,مَفَاعِلُ/مَفَاعِيلُ,SIBAWAYH_EXISTS
مَفْعَل,مَفْعَلٌ,SIBAWAYH_EXISTS
مَفْعَلان,مَفْعَلانُ,SIBAWAYH_EXISTS
مَفْعُلَة,مَفْعُلَةٌ,SIBAWAYH_EXISTS
مَفْعُول,مَفْعُولٌ,SIBAWAYH_EXISTS
مَفْعُولاء,مَفْعُولاءُ,SIBAWAYH_EXISTS
مَفْعِل,مَفْعِلٌ,SIBAWAYH_EXISTS
مُفاعِل,مُفَاعِلٌ,SIBAWAYH_EXISTS
مُفْعَل,مُفْعَلٌ,SIBAWAYH_EXISTS
مُفْعُل,مُفْعُلٌ,SIBAWAYH_EXISTS
مِفْعال,مِفْعَالٌ,SIBAWAYH_EXISTS
مِفْعَل,مِفْعَلٌ,SIBAWAYH_EXISTS
مِفْعِلَّى,مِفْعِلَّى,SIBAWAYH_EXISTS
مِفْعِيل,مِفْعِيلٌ,SIBAWAYH_EXISTS
يَفاعِيل,يَفَاعِيلُ,SIBAWAYH_EXISTS
يَفْعَل,يَفْعَلٌ,SIBAWAYH_EXISTS
يَفْعُول,يَفْعُولٌ,SIBAWAYH_EXISTS
يَفْعِيل,يَفْعِيلٌ,SIBAWAYH_EXISTS
