en_lu_id,status
4765,MAPPED
4767,MAPPED
4768,MAPPED
4769,MAPPED
4770,MAPPED
4771,MAPPED
4772,MAPPED
4773,MAPPED
4774,MAPPED
4797,MAPPED
4798,MAPPED
4799,MAPPED
5184,MAPPED
6916,MAPPED
6917,MAPPED
6918,MAPPED
6963,NO_ARABIC_EQUIVALENT
6967,MAPPED
6969,MAPPED
6970,EVIDENCE_GAP_ONLY
6972,MAPPED
6973,MAPPED
6987,MAPPED
6988,EVIDENCE_GAP_ONLY
6990,EVIDENCE_GAP_ONLY
6991,MAPPED
6992,MAPPED
6993,MAPPED
6994,EVIDENCE_GAP_ONLY
6995,EVIDENCE_GAP_ONLY
6996,EVIDENCE_GAP_ONLY
6997,MAPPED
6998,MAPPED
6999,MAPPED
7000,MAPPED
7001,MAPPED
7002,NO_ARABIC_EQUIVALENT
7004,MAPPED
7005,EVIDENCE_GAP_ONLY
7009,MAPPED
7010,MAPPED
7012,MAPPED
7013,MAPPED
7014,MAPPED
7015,MAPPED
7016,MAPPED
7018,MAPPED
7019,MAPPED
7020,MAPPED
7021,MAPPED
7022,MAPPED
7023,MAPPED
7024,MAPPED
7028,MAPPED
7029,MAPPED
7030,EVIDENCE_GAP_ONLY
7031,MAPPED
7053,EVIDENCE_GAP_ONLY
7109,MAPPED
7126,EVIDENCE_GAP_ONLY
7129,MAPPED
7130,MAPPED
7132,MAPPED
7139,NO_ARABIC_EQUIVALENT
13511,MAPPED
17295,MAPPED
17675,NO_ARABIC_EQUIVALENT
3056,MAPPED
3358,MAPPED
3359,MAPPED
3360,MAPPED
3362,EVIDENCE_GAP_ONLY
3363,MAPPED
3364,MAPPED
3365,MAPPED
3366,MAPPED
3367,EVIDENCE_GAP_ONLY
3368,EVIDENCE_GAP_ONLY
3370,MAPPED
3371,MAPPED
3372,MAPPED
3373,MAPPED
3374,NO_ARABIC_EQUIVALENT
3375,MAPPED
3376,MAPPED
3377,NO_ARABIC_EQUIVALENT
3399,MAPPED
3429,MAPPED
3430,MAPPED
3432,MAPPED
3433,MAPPED
3435,MAPPED
3436,NO_ARABIC_EQUIVALENT
3437,MAPPED
3438,MAPPED
3439,EVIDENCE_GAP_ONLY
3440,MAPPED
3442,MAPPED
3443,MAPPED
3444,NO_ARABIC_EQUIVALENT
3445,EVIDENCE_GAP_ONLY
3446,NO_ARABIC_EQUIVALENT
3447,NO_ARABIC_EQUIVALENT
3448,MAPPED
3449,NO_ARABIC_EQUIVALENT
3450,NO_ARABIC_EQUIVALENT
3451,NO_ARABIC_EQUIVALENT
3452,NO_ARABIC_EQUIVALENT
3453,NO_ARABIC_EQUIVALENT
3454,NO_ARABIC_EQUIVALENT
3456,NO_ARABIC_EQUIVALENT
3457,EVIDENCE_GAP_ONLY
3458,NO_ARABIC_EQUIVALENT
3459,MAPPED
3460,MAPPED
3461,MAPPED
3462,MAPPED
3463,NO_ARABIC_EQUIVALENT
3541,MAPPED
3600,NO_ARABIC_EQUIVALENT
3604,NO_ARABIC_EQUIVALENT
3605,MAPPED
3606,MAPPED
3608,MAPPED
3609,EVIDENCE_GAP_ONLY
3610,MAPPED
3611,EVIDENCE_GAP_ONLY
3612,MAPPED
3613,MAPPED
3614,NO_ARABIC_EQUIVALENT
3615,EVIDENCE_GAP_ONLY
3616,EVIDENCE_GAP_ONLY
3617,NO_ARABIC_EQUIVALENT
3618,EVIDENCE_GAP_ONLY
3620,MAPPED
3672,NO_ARABIC_EQUIVALENT
3673,MAPPED
3674,MAPPED
3675,NO_ARABIC_EQUIVALENT
3676,NO_ARABIC_EQUIVALENT
3677,MAPPED
3678,MAPPED
3679,MAPPED
12212,MAPPED
2108,EVIDENCE_GAP_ONLY
2109,EVIDENCE_GAP_ONLY
2110,NO_ARABIC_EQUIVALENT
2111,EVIDENCE_GAP_ONLY
2112,EVIDENCE_GAP_ONLY
2113,MAPPED
2114,MAPPED
2115,MAPPED
2116,MAPPED
2117,MAPPED
2118,EVIDENCE_GAP_ONLY
2119,EVIDENCE_GAP_ONLY
2120,MAPPED
2121,MAPPED
2122,MAPPED
2123,MAPPED
2124,MAPPED
2125,MAPPED
2126,MAPPED
2127,MAPPED
2130,MAPPED
2131,MAPPED
2132,MAPPED
2133,EVIDENCE_GAP_ONLY
2134,EVIDENCE_GAP_ONLY
2135,EVIDENCE_GAP_ONLY
2136,MAPPED
2137,EVIDENCE_GAP_ONLY
2139,EVIDENCE_GAP_ONLY
2140,MAPPED
2141,EVIDENCE_GAP_ONLY
2525,EVIDENCE_GAP_ONLY
2531,NO_ARABIC_EQUIVALENT
2552,EVIDENCE_GAP_ONLY
2661,MAPPED
2662,EVIDENCE_GAP_ONLY
2663,MAPPED
2664,MAPPED
2665,MAPPED
2666,MAPPED
2667,MAPPED
2859,EVIDENCE_GAP_ONLY
2880,MAPPED
2881,MAPPED
2882,MAPPED
2883,MAPPED
2884,MAPPED
2885,EVIDENCE_GAP_ONLY
2886,EVIDENCE_GAP_ONLY
2887,EVIDENCE_GAP_ONLY
2888,NO_ARABIC_EQUIVALENT
2889,EVIDENCE_GAP_ONLY
2890,EVIDENCE_GAP_ONLY
2891,NO_ARABIC_EQUIVALENT
2896,NO_ARABIC_EQUIVALENT
2926,MAPPED
3143,MAPPED
3144,MAPPED
3145,EVIDENCE_GAP_ONLY
3146,MAPPED
4033,MAPPED
6000,EVIDENCE_GAP_ONLY
8600,EVIDENCE_GAP_ONLY
10697,EVIDENCE_GAP_ONLY
13115,MAPPED
13782,MAPPED
16150,MAPPED
16753,EVIDENCE_GAP_ONLY
17097,MAPPED
16015,EVIDENCE_GAP_ONLY
16016,MAPPED
16017,MAPPED
18053,MAPPED
18061,MAPPED
18063,MAPPED
18064,MAPPED
18065,MAPPED
18066,MAPPED
18067,EVIDENCE_GAP_ONLY
18068,MAPPED
18069,MAPPED
18070,MAPPED
18071,MAPPED
18072,MAPPED
18073,MAPPED
18075,MAPPED
18076,EVIDENCE_GAP_ONLY
18077,MAPPED
18078,EVIDENCE_GAP_ONLY
18079,MAPPED
18080,MAPPED
18082,MAPPED
18083,EVIDENCE_GAP_ONLY
18084,MAPPED
18085,MAPPED
18086,MAPPED
18087,MAPPED
18088,MAPPED
18089,MAPPED
18090,MAPPED
18091,EVIDENCE_GAP_ONLY
18092,MAPPED
18093,MAPPED
18094,MAPPED
18095,MAPPED
18096,MAPPED
18097,EVIDENCE_GAP_ONLY
18098,MAPPED
18099,EVIDENCE_GAP_ONLY
18100,EVIDENCE_GAP_ONLY
18101,MAPPED
18102,EVIDENCE_GAP_ONLY
18104,EVIDENCE_GAP_ONLY
18108,MAPPED
18109,MAPPED
18110,MAPPED
18111,MAPPED
18112,MAPPED
18113,EVIDENCE_GAP_ONLY
18115,EVIDENCE_GAP_ONLY
18120,MAPPED
18121,MAPPED
18126,EVIDENCE_GAP_ONLY
18127,EVIDENCE_GAP_ONLY
18130,MAPPED
3765,EVIDENCE_GAP_ONLY
3768,MAPPED
4515,MAPPED
4528,MAPPED
4529,MAPPED
4530,EVIDENCE_GAP_ONLY
4531,MAPPED
4532,EVIDENCE_GAP_ONLY
4533,MAPPED
4535,MAPPED
4536,MAPPED
4537,MAPPED
4538,MAPPED
4539,MAPPED
4540,MAPPED
4541,MAPPED
4542,EVIDENCE_GAP_ONLY
4543,MAPPED
4706,MAPPED
4708,MAPPED
4709,MAPPED
4710,MAPPED
4716,MAPPED
4717,MAPPED
4718,MAPPED
4719,MAPPED
4720,MAPPED
4721,NO_ARABIC_EQUIVALENT
4722,MAPPED
4723,EVIDENCE_GAP_ONLY
4724,MAPPED
4725,MAPPED
4836,MAPPED
5158,MAPPED
5159,MAPPED
5477,MAPPED
5480,MAPPED
5548,MAPPED
5768,MAPPED
5938,EVIDENCE_GAP_ONLY
6986,MAPPED
8695,MAPPED
11756,EVIDENCE_GAP_ONLY
11871,MAPPED
11872,MAPPED
11873,MAPPED
11874,MAPPED
11912,MAPPED
11913,MAPPED
11914,MAPPED
11915,MAPPED
11916,MAPPED
13150,MAPPED
14831,NO_ARABIC_EQUIVALENT
15672,NO_ARABIC_EQUIVALENT
7170,EVIDENCE_GAP_ONLY
7171,MAPPED
7172,EVIDENCE_GAP_ONLY
7173,EVIDENCE_GAP_ONLY
7174,MAPPED
7175,MAPPED
7176,EVIDENCE_GAP_ONLY
7177,NO_ARABIC_EQUIVALENT
7178,MAPPED
7179,MAPPED
7180,MAPPED
7181,MAPPED
7182,MAPPED
7183,MAPPED
7184,MAPPED
7192,MAPPED
7193,MAPPED
7194,MAPPED
7195,MAPPED
7203,MAPPED
7207,MAPPED
7208,MAPPED
7209,EVIDENCE_GAP_ONLY
7210,MAPPED
7211,MAPPED
7212,EVIDENCE_GAP_ONLY
7213,EVIDENCE_GAP_ONLY
7235,MAPPED
7236,MAPPED
7237,MAPPED
7238,EVIDENCE_GAP_ONLY
7239,MAPPED
7240,EVIDENCE_GAP_ONLY
7241,EVIDENCE_GAP_ONLY
7243,MAPPED
7244,MAPPED
7245,MAPPED
7246,MAPPED
7247,MAPPED
7248,MAPPED
7249,EVIDENCE_GAP_ONLY
7250,EVIDENCE_GAP_ONLY
7306,NO_ARABIC_EQUIVALENT
7307,MAPPED
7308,MAPPED
7309,MAPPED
7310,EVIDENCE_GAP_ONLY
16409,EVIDENCE_GAP_ONLY
18160,MAPPED
65,MAPPED
66,MAPPED
67,MAPPED
68,EVIDENCE_GAP_ONLY
69,MAPPED
70,EVIDENCE_GAP_ONLY
71,MAPPED
72,EVIDENCE_GAP_ONLY
73,MAPPED
74,MAPPED
75,MAPPED
76,MAPPED
77,MAPPED
78,MAPPED
80,EVIDENCE_GAP_ONLY
83,EVIDENCE_GAP_ONLY
84,MAPPED
85,MAPPED
86,MAPPED
87,MAPPED
88,EVIDENCE_GAP_ONLY
89,MAPPED
90,MAPPED
91,MAPPED
93,MAPPED
94,MAPPED
95,MAPPED
98,MAPPED
99,MAPPED
100,MAPPED
101,MAPPED
102,MAPPED
103,MAPPED
104,MAPPED
105,MAPPED
106,MAPPED
107,MAPPED
108,MAPPED
3975,NO_ARABIC_EQUIVALENT
3976,EVIDENCE_GAP_ONLY
3978,MAPPED
3979,MAPPED
3980,MAPPED
3981,MAPPED
4003,MAPPED
4083,MAPPED
4084,MAPPED
4085,NO_ARABIC_EQUIVALENT
4990,MAPPED
6171,MAPPED
9717,MAPPED
10986,MAPPED
10987,MAPPED
10992,MAPPED
11011,EVIDENCE_GAP_ONLY
11148,MAPPED
11954,EVIDENCE_GAP_ONLY
11955,MAPPED
11962,MAPPED
15305,EVIDENCE_GAP_ONLY
15376,MAPPED
17314,MAPPED
17670,MAPPED
2377,MAPPED
2379,MAPPED
2380,MAPPED
2383,EVIDENCE_GAP_ONLY
2384,MAPPED
2385,EVIDENCE_GAP_ONLY
2387,EVIDENCE_GAP_ONLY
2390,EVIDENCE_GAP_ONLY
2391,EVIDENCE_GAP_ONLY
2393,MAPPED
2394,EVIDENCE_GAP_ONLY
2395,MAPPED
2396,EVIDENCE_GAP_ONLY
2397,MAPPED
2398,MAPPED
2399,EVIDENCE_GAP_ONLY
2400,MAPPED
2402,EVIDENCE_GAP_ONLY
2403,MAPPED
2404,MAPPED
2405,MAPPED
2406,EVIDENCE_GAP_ONLY
2407,MAPPED
2408,EVIDENCE_GAP_ONLY
2409,MAPPED
2410,MAPPED
2412,EVIDENCE_GAP_ONLY
2413,MAPPED
2415,MAPPED
2501,EVIDENCE_GAP_ONLY
2502,MAPPED
2503,MAPPED
2504,MAPPED
2505,MAPPED
2506,EVIDENCE_GAP_ONLY
2507,MAPPED
2508,MAPPED
2509,EVIDENCE_GAP_ONLY
2510,MAPPED
2512,MAPPED
2513,EVIDENCE_GAP_ONLY
2514,MAPPED
2515,MAPPED
2516,MAPPED
2517,MAPPED
2518,EVIDENCE_GAP_ONLY
2519,MAPPED
2526,EVIDENCE_GAP_ONLY
2533,MAPPED
2534,MAPPED
2535,MAPPED
2536,EVIDENCE_GAP_ONLY
2537,EVIDENCE_GAP_ONLY
2538,EVIDENCE_GAP_ONLY
2539,MAPPED
2540,MAPPED
2541,EVIDENCE_GAP_ONLY
2542,MAPPED
2543,NO_ARABIC_EQUIVALENT
2544,EVIDENCE_GAP_ONLY
2547,MAPPED
2549,MAPPED
2550,MAPPED
2551,MAPPED
2553,EVIDENCE_GAP_ONLY
2554,MAPPED
2567,EVIDENCE_GAP_ONLY
2568,EVIDENCE_GAP_ONLY
2569,MAPPED
2570,EVIDENCE_GAP_ONLY
2633,EVIDENCE_GAP_ONLY
2634,MAPPED
2635,MAPPED
2643,NO_ARABIC_EQUIVALENT
2644,MAPPED
2646,MAPPED
2647,MAPPED
2648,MAPPED
2649,MAPPED
2684,MAPPED
2693,MAPPED
2694,MAPPED
2845,MAPPED
2846,EVIDENCE_GAP_ONLY
2847,MAPPED
2855,MAPPED
10278,MAPPED
11244,MAPPED
14162,MAPPED
15304,MAPPED
15969,EVIDENCE_GAP_ONLY
15974,MAPPED
17298,MAPPED
17308,EVIDENCE_GAP_ONLY
18703,MAPPED
3159,MAPPED
3160,MAPPED
3161,MAPPED
3162,MAPPED
3163,EVIDENCE_GAP_ONLY
3164,MAPPED
3165,MAPPED
3166,EVIDENCE_GAP_ONLY
3167,MAPPED
3168,MAPPED
3169,MAPPED
3170,MAPPED
3171,NO_ARABIC_EQUIVALENT
3174,MAPPED
3175,MAPPED
3176,MAPPED
3177,NO_ARABIC_EQUIVALENT
3178,NO_ARABIC_EQUIVALENT
3179,MAPPED
3180,MAPPED
3181,MAPPED
3182,MAPPED
3183,MAPPED
3184,MAPPED
3185,EVIDENCE_GAP_ONLY
3186,MAPPED
3187,EVIDENCE_GAP_ONLY
3188,NO_ARABIC_EQUIVALENT
3189,MAPPED
3190,MAPPED
3191,EVIDENCE_GAP_ONLY
3192,EVIDENCE_GAP_ONLY
3193,MAPPED
3194,EVIDENCE_GAP_ONLY
3195,MAPPED
3196,MAPPED
3197,MAPPED
3198,MAPPED
3199,MAPPED
3200,MAPPED
3201,MAPPED
3202,MAPPED
3203,NO_ARABIC_EQUIVALENT
3204,MAPPED
3205,NO_ARABIC_EQUIVALENT
3206,NO_ARABIC_EQUIVALENT
3207,NO_ARABIC_EQUIVALENT
3208,MAPPED
3209,MAPPED
3210,MAPPED
3211,MAPPED
3212,MAPPED
3213,MAPPED
3214,EVIDENCE_GAP_ONLY
3215,MAPPED
3216,EVIDENCE_GAP_ONLY
3217,MAPPED
3218,MAPPED
3219,MAPPED
3220,MAPPED
3221,MAPPED
3222,MAPPED
3223,MAPPED
3224,MAPPED
3225,MAPPED
3226,MAPPED
3227,MAPPED
3229,NO_ARABIC_EQUIVALENT
3230,NO_ARABIC_EQUIVALENT
3231,EVIDENCE_GAP_ONLY
3232,EVIDENCE_GAP_ONLY
3233,MAPPED
7294,NO_ARABIC_EQUIVALENT
10113,MAPPED
10114,EVIDENCE_GAP_ONLY
10918,MAPPED
14713,MAPPED
16421,MAPPED
17624,MAPPED
18480,NO_ARABIC_EQUIVALENT
2999,MAPPED
3000,MAPPED
3001,MAPPED
3002,EVIDENCE_GAP_ONLY
3003,NO_ARABIC_EQUIVALENT
3004,EVIDENCE_GAP_ONLY
3005,MAPPED
3006,EVIDENCE_GAP_ONLY
3007,EVIDENCE_GAP_ONLY
3008,NO_ARABIC_EQUIVALENT
3009,MAPPED
3010,MAPPED
3011,NO_ARABIC_EQUIVALENT
3012,MAPPED
3013,EVIDENCE_GAP_ONLY
3014,MAPPED
3015,MAPPED
3016,NO_ARABIC_EQUIVALENT
3017,MAPPED
3018,MAPPED
3019,EVIDENCE_GAP_ONLY
3020,NO_ARABIC_EQUIVALENT
3021,MAPPED
3022,MAPPED
3023,NO_ARABIC_EQUIVALENT
3024,MAPPED
3025,EVIDENCE_GAP_ONLY
3027,EVIDENCE_GAP_ONLY
3028,MAPPED
3029,EVIDENCE_GAP_ONLY
3031,MAPPED
3032,MAPPED
3084,NO_ARABIC_EQUIVALENT
3085,EVIDENCE_GAP_ONLY
3086,MAPPED
3087,MAPPED
3088,MAPPED
3089,NO_ARABIC_EQUIVALENT
3090,NO_ARABIC_EQUIVALENT
3091,MAPPED
3092,MAPPED
3093,MAPPED
3094,MAPPED
3095,MAPPED
3096,NO_ARABIC_EQUIVALENT
3097,MAPPED
3098,EVIDENCE_GAP_ONLY
3099,MAPPED
3100,MAPPED
3101,EVIDENCE_GAP_ONLY
3102,MAPPED
3103,EVIDENCE_GAP_ONLY
3104,MAPPED
3105,NO_ARABIC_EQUIVALENT
3106,MAPPED
3107,MAPPED
3108,NO_ARABIC_EQUIVALENT
3109,MAPPED
3110,NO_ARABIC_EQUIVALENT
3111,NO_ARABIC_EQUIVALENT
3112,MAPPED
3113,MAPPED
3114,MAPPED
3115,NO_ARABIC_EQUIVALENT
3116,MAPPED
3117,EVIDENCE_GAP_ONLY
3118,NO_ARABIC_EQUIVALENT
3119,MAPPED
3120,NO_ARABIC_EQUIVALENT
3121,EVIDENCE_GAP_ONLY
3122,MAPPED
3123,MAPPED
3124,MAPPED
3125,MAPPED
3126,EVIDENCE_GAP_ONLY
3127,MAPPED
3128,MAPPED
3129,MAPPED
3131,NO_ARABIC_EQUIVALENT
3132,EVIDENCE_GAP_ONLY
3134,NO_ARABIC_EQUIVALENT
3135,MAPPED
3136,NO_ARABIC_EQUIVALENT
3137,EVIDENCE_GAP_ONLY
3138,EVIDENCE_GAP_ONLY
3139,MAPPED
7105,MAPPED
10228,MAPPED
10229,MAPPED
10230,MAPPED
10231,MAPPED
10232,MAPPED
10233,EVIDENCE_GAP_ONLY
10869,EVIDENCE_GAP_ONLY
10921,MAPPED
12613,MAPPED
13513,MAPPED
13638,EVIDENCE_GAP_ONLY
14009,MAPPED
14343,EVIDENCE_GAP_ONLY
14689,EVIDENCE_GAP_ONLY
14926,MAPPED
16773,MAPPED
16811,MAPPED
3946,EVIDENCE_GAP_ONLY
3947,MAPPED
3948,MAPPED
3951,MAPPED
3952,MAPPED
3954,NO_ARABIC_EQUIVALENT
3955,MAPPED
3956,EVIDENCE_GAP_ONLY
3957,EVIDENCE_GAP_ONLY
3994,EVIDENCE_GAP_ONLY
3995,EVIDENCE_GAP_ONLY
3996,MAPPED
3997,MAPPED
3999,EVIDENCE_GAP_ONLY
4000,MAPPED
4054,EVIDENCE_GAP_ONLY
4055,EVIDENCE_GAP_ONLY
4056,EVIDENCE_GAP_ONLY
4059,MAPPED
4060,MAPPED
4061,MAPPED
4062,MAPPED
4063,EVIDENCE_GAP_ONLY
4064,EVIDENCE_GAP_ONLY
4065,MAPPED
4066,MAPPED
4068,EVIDENCE_GAP_ONLY
4074,MAPPED
4078,MAPPED
4080,NO_ARABIC_EQUIVALENT
4081,EVIDENCE_GAP_ONLY
4643,MAPPED
4644,MAPPED
4645,MAPPED
4646,MAPPED
4647,MAPPED
4648,MAPPED
4649,MAPPED
4650,MAPPED
4651,MAPPED
4652,MAPPED
4653,MAPPED
4654,MAPPED
4655,EVIDENCE_GAP_ONLY
4764,MAPPED
4969,EVIDENCE_GAP_ONLY
5138,EVIDENCE_GAP_ONLY
5139,MAPPED
5140,EVIDENCE_GAP_ONLY
5142,MAPPED
5143,MAPPED
5144,EVIDENCE_GAP_ONLY
5185,MAPPED
7345,MAPPED
13729,MAPPED
13903,EVIDENCE_GAP_ONLY
13977,EVIDENCE_GAP_ONLY
14391,MAPPED
14590,EVIDENCE_GAP_ONLY
14795,MAPPED
15378,EVIDENCE_GAP_ONLY
16672,EVIDENCE_GAP_ONLY
16882,MAPPED
2245,EVIDENCE_GAP_ONLY
2246,EVIDENCE_GAP_ONLY
2248,NO_ARABIC_EQUIVALENT
2249,MAPPED
2250,MAPPED
2251,MAPPED
2256,MAPPED
2262,EVIDENCE_GAP_ONLY
2265,EVIDENCE_GAP_ONLY
2267,EVIDENCE_GAP_ONLY
2268,EVIDENCE_GAP_ONLY
2271,MAPPED
2272,EVIDENCE_GAP_ONLY
2274,MAPPED
2275,MAPPED
2276,EVIDENCE_GAP_ONLY
2309,MAPPED
2310,MAPPED
2311,MAPPED
2312,MAPPED
2314,EVIDENCE_GAP_ONLY
2315,MAPPED
2317,MAPPED
2320,EVIDENCE_GAP_ONLY
2321,MAPPED
2322,MAPPED
2323,EVIDENCE_GAP_ONLY
2325,MAPPED
2326,MAPPED
2327,MAPPED
2329,EVIDENCE_GAP_ONLY
2330,EVIDENCE_GAP_ONLY
2350,MAPPED
2352,MAPPED
2356,EVIDENCE_GAP_ONLY
2357,MAPPED
2359,MAPPED
2360,MAPPED
2361,EVIDENCE_GAP_ONLY
2362,EVIDENCE_GAP_ONLY
2367,EVIDENCE_GAP_ONLY
2370,EVIDENCE_GAP_ONLY
2371,MAPPED
2374,MAPPED
2375,MAPPED
5996,MAPPED
6054,MAPPED
7026,MAPPED
7950,MAPPED
8424,MAPPED
9071,EVIDENCE_GAP_ONLY
9072,EVIDENCE_GAP_ONLY
9083,MAPPED
9129,MAPPED
10390,EVIDENCE_GAP_ONLY
12043,MAPPED
12044,EVIDENCE_GAP_ONLY
12045,EVIDENCE_GAP_ONLY
12048,MAPPED
12049,MAPPED
12050,EVIDENCE_GAP_ONLY
12051,MAPPED
12053,EVIDENCE_GAP_ONLY
12054,EVIDENCE_GAP_ONLY
12070,MAPPED
13117,NO_ARABIC_EQUIVALENT
15088,MAPPED
15135,MAPPED
16215,EVIDENCE_GAP_ONLY
17276,MAPPED
17310,MAPPED
18375,EVIDENCE_GAP_ONLY
1870,MAPPED
1871,MAPPED
1872,MAPPED
1873,MAPPED
1874,MAPPED
1875,MAPPED
1876,MAPPED
1877,MAPPED
1878,EVIDENCE_GAP_ONLY
1879,MAPPED
1881,MAPPED
1882,MAPPED
1883,EVIDENCE_GAP_ONLY
1884,MAPPED
1885,MAPPED
1886,MAPPED
1887,MAPPED
1888,MAPPED
1889,MAPPED
1890,MAPPED
1893,MAPPED
1894,MAPPED
1954,MAPPED
1994,MAPPED
1996,EVIDENCE_GAP_ONLY
1997,MAPPED
2016,MAPPED
2017,MAPPED
2018,MAPPED
7701,MAPPED
7702,MAPPED
11654,MAPPED
12488,MAPPED
12581,EVIDENCE_GAP_ONLY
12585,EVIDENCE_GAP_ONLY
12879,MAPPED
12886,MAPPED
12889,NO_ARABIC_EQUIVALENT
12919,EVIDENCE_GAP_ONLY
12978,MAPPED
13274,EVIDENCE_GAP_ONLY
13592,EVIDENCE_GAP_ONLY
13593,MAPPED
13724,MAPPED
13836,MAPPED
14503,MAPPED
15206,MAPPED
16744,MAPPED
16745,MAPPED
16941,MAPPED
16942,MAPPED
16954,MAPPED
16962,MAPPED
16964,MAPPED
17560,MAPPED
17656,MAPPED
2657,MAPPED
2682,MAPPED
2686,MAPPED
2687,MAPPED
2688,NO_ARABIC_EQUIVALENT
2689,MAPPED
2690,NO_ARABIC_EQUIVALENT
2691,MAPPED
2692,MAPPED
2695,MAPPED
2696,MAPPED
2715,MAPPED
2731,MAPPED
2732,MAPPED
2864,MAPPED
2866,MAPPED
2878,MAPPED
2900,MAPPED
2906,MAPPED
2907,MAPPED
2908,MAPPED
2909,MAPPED
2910,EVIDENCE_GAP_ONLY
2911,EVIDENCE_GAP_ONLY
2912,EVIDENCE_GAP_ONLY
2913,MAPPED
2914,EVIDENCE_GAP_ONLY
2915,MAPPED
2925,MAPPED
2933,MAPPED
2935,MAPPED
2936,MAPPED
2937,MAPPED
2938,EVIDENCE_GAP_ONLY
2940,MAPPED
2941,NO_ARABIC_EQUIVALENT
2942,MAPPED
2943,MAPPED
2944,MAPPED
2948,NO_ARABIC_EQUIVALENT
2972,MAPPED
2976,MAPPED
2985,MAPPED
2990,MAPPED
2992,MAPPED
2993,MAPPED
2994,NO_ARABIC_EQUIVALENT
2995,MAPPED
2996,MAPPED
2997,NO_ARABIC_EQUIVALENT
3026,MAPPED
3030,MAPPED
3033,MAPPED
3034,EVIDENCE_GAP_ONLY
3035,EVIDENCE_GAP_ONLY
3036,MAPPED
3037,NO_ARABIC_EQUIVALENT
3046,NO_ARABIC_EQUIVALENT
3055,NO_ARABIC_EQUIVALENT
3057,MAPPED
3059,MAPPED
3062,MAPPED
3066,MAPPED
3067,MAPPED
3068,MAPPED
3069,EVIDENCE_GAP_ONLY
3070,MAPPED
3071,MAPPED
3072,MAPPED
3073,MAPPED
3074,MAPPED
3075,MAPPED
3076,MAPPED
3077,NO_ARABIC_EQUIVALENT
3140,MAPPED
3141,MAPPED
3142,MAPPED
3344,EVIDENCE_GAP_ONLY
3345,EVIDENCE_GAP_ONLY
3346,NO_ARABIC_EQUIVALENT
3347,NO_ARABIC_EQUIVALENT
3348,NO_ARABIC_EQUIVALENT
3349,MAPPED
3350,MAPPED
3351,MAPPED
3352,MAPPED
3353,MAPPED
3354,MAPPED
3355,MAPPED
3356,MAPPED
3357,EVIDENCE_GAP_ONLY
3378,MAPPED
3379,MAPPED
3380,MAPPED
3383,MAPPED
3388,NO_ARABIC_EQUIVALENT
3389,NO_ARABIC_EQUIVALENT
3395,MAPPED
3396,MAPPED
3397,NO_ARABIC_EQUIVALENT
3398,MAPPED
3400,NO_ARABIC_EQUIVALENT
3402,MAPPED
3403,MAPPED
3542,MAPPED
3543,MAPPED
3544,NO_ARABIC_EQUIVALENT
3545,MAPPED
3546,EVIDENCE_GAP_ONLY
3547,NO_ARABIC_EQUIVALENT
3548,MAPPED
3550,NO_ARABIC_EQUIVALENT
3551,NO_ARABIC_EQUIVALENT
3552,MAPPED
3553,MAPPED
3556,MAPPED
3557,NO_ARABIC_EQUIVALENT
3558,MAPPED
3559,EVIDENCE_GAP_ONLY
3560,NO_ARABIC_EQUIVALENT
3561,MAPPED
3599,EVIDENCE_GAP_ONLY
3601,MAPPED
3602,EVIDENCE_GAP_ONLY
3603,NO_ARABIC_EQUIVALENT
3619,MAPPED
3626,EVIDENCE_GAP_ONLY
3635,NO_ARABIC_EQUIVALENT
3636,NO_ARABIC_EQUIVALENT
3637,EVIDENCE_GAP_ONLY
3638,NO_ARABIC_EQUIVALENT
3639,NO_ARABIC_EQUIVALENT
3640,NO_ARABIC_EQUIVALENT
3641,NO_ARABIC_EQUIVALENT
3642,MAPPED
3643,NO_ARABIC_EQUIVALENT
3644,EVIDENCE_GAP_ONLY
3645,NO_ARABIC_EQUIVALENT
3646,MAPPED
3648,EVIDENCE_GAP_ONLY
3649,NO_ARABIC_EQUIVALENT
3650,NO_ARABIC_EQUIVALENT
3651,NO_ARABIC_EQUIVALENT
3653,NO_ARABIC_EQUIVALENT
3654,NO_ARABIC_EQUIVALENT
3655,MAPPED
3656,NO_ARABIC_EQUIVALENT
3657,MAPPED
3659,MAPPED
3660,NO_ARABIC_EQUIVALENT
3661,NO_ARABIC_EQUIVALENT
3663,MAPPED
3665,MAPPED
3666,NO_ARABIC_EQUIVALENT
3667,MAPPED
3668,NO_ARABIC_EQUIVALENT
3669,NO_ARABIC_EQUIVALENT
3670,MAPPED
3671,NO_ARABIC_EQUIVALENT
3680,MAPPED
4058,MAPPED
7201,MAPPED
11150,MAPPED
567,MAPPED
568,MAPPED
569,MAPPED
570,EVIDENCE_GAP_ONLY
571,MAPPED
573,MAPPED
574,MAPPED
575,EVIDENCE_GAP_ONLY
576,MAPPED
577,MAPPED
578,MAPPED
579,MAPPED
580,MAPPED
581,MAPPED
582,MAPPED
583,EVIDENCE_GAP_ONLY
584,EVIDENCE_GAP_ONLY
585,MAPPED
586,MAPPED
587,MAPPED
588,EVIDENCE_GAP_ONLY
589,MAPPED
590,MAPPED
591,MAPPED
592,MAPPED
593,EVIDENCE_GAP_ONLY
594,MAPPED
595,EVIDENCE_GAP_ONLY
596,MAPPED
597,MAPPED
598,MAPPED
599,MAPPED
600,MAPPED
601,MAPPED
602,MAPPED
603,EVIDENCE_GAP_ONLY
604,MAPPED
605,MAPPED
606,MAPPED
607,EVIDENCE_GAP_ONLY
608,MAPPED
609,MAPPED
610,MAPPED
611,MAPPED
612,MAPPED
613,MAPPED
614,MAPPED
615,MAPPED
616,MAPPED
617,EVIDENCE_GAP_ONLY
618,EVIDENCE_GAP_ONLY
619,MAPPED
620,MAPPED
621,MAPPED
622,MAPPED
623,MAPPED
624,MAPPED
625,EVIDENCE_GAP_ONLY
626,MAPPED
1664,EVIDENCE_GAP_ONLY
1665,MAPPED
1667,EVIDENCE_GAP_ONLY
1669,EVIDENCE_GAP_ONLY
1670,MAPPED
1673,MAPPED
1677,EVIDENCE_GAP_ONLY
1678,MAPPED
1680,MAPPED
1681,MAPPED
1682,EVIDENCE_GAP_ONLY
1684,MAPPED
1685,MAPPED
1686,MAPPED
1687,MAPPED
1690,MAPPED
1691,EVIDENCE_GAP_ONLY
1692,MAPPED
1693,MAPPED
1694,MAPPED
1698,MAPPED
1699,MAPPED
1701,EVIDENCE_GAP_ONLY
1702,EVIDENCE_GAP_ONLY
2023,MAPPED
4208,MAPPED
4209,MAPPED
4221,MAPPED
4222,MAPPED
4223,MAPPED
4224,MAPPED
4225,EVIDENCE_GAP_ONLY
4226,MAPPED
4227,MAPPED
4228,MAPPED
4229,MAPPED
4230,EVIDENCE_GAP_ONLY
4231,MAPPED
4232,EVIDENCE_GAP_ONLY
4233,MAPPED
4234,EVIDENCE_GAP_ONLY
4235,EVIDENCE_GAP_ONLY
4236,MAPPED
4237,MAPPED
4238,MAPPED
4239,MAPPED
4241,MAPPED
4242,EVIDENCE_GAP_ONLY
4243,MAPPED
4244,EVIDENCE_GAP_ONLY
4245,MAPPED
4246,MAPPED
4247,MAPPED
4248,EVIDENCE_GAP_ONLY
4249,EVIDENCE_GAP_ONLY
4250,MAPPED
4251,EVIDENCE_GAP_ONLY
4252,EVIDENCE_GAP_ONLY
4253,EVIDENCE_GAP_ONLY
4254,NO_ARABIC_EQUIVALENT
4260,EVIDENCE_GAP_ONLY
4261,EVIDENCE_GAP_ONLY
4262,MAPPED
4263,MAPPED
4264,NO_ARABIC_EQUIVALENT
4265,EVIDENCE_GAP_ONLY
4266,NO_ARABIC_EQUIVALENT
4267,EVIDENCE_GAP_ONLY
4268,EVIDENCE_GAP_ONLY
4269,NO_ARABIC_EQUIVALENT
4270,MAPPED
4271,EVIDENCE_GAP_ONLY
4272,NO_ARABIC_EQUIVALENT
4273,NO_ARABIC_EQUIVALENT
4274,NO_ARABIC_EQUIVALENT
4275,EVIDENCE_GAP_ONLY
4276,NO_ARABIC_EQUIVALENT
4277,NO_ARABIC_EQUIVALENT
4278,MAPPED
4279,NO_ARABIC_EQUIVALENT
4286,EVIDENCE_GAP_ONLY
4287,MAPPED
4288,MAPPED
4289,NO_ARABIC_EQUIVALENT
4290,EVIDENCE_GAP_ONLY
4301,MAPPED
4302,NO_ARABIC_EQUIVALENT
4303,NO_ARABIC_EQUIVALENT
4304,EVIDENCE_GAP_ONLY
4305,MAPPED
4306,NO_ARABIC_EQUIVALENT
4307,MAPPED
4308,NO_ARABIC_EQUIVALENT
4309,EVIDENCE_GAP_ONLY
4310,MAPPED
4312,MAPPED
4416,MAPPED
4417,MAPPED
4418,MAPPED
4419,MAPPED
4420,MAPPED
4421,MAPPED
4422,MAPPED
4423,MAPPED
4424,MAPPED
4425,NO_ARABIC_EQUIVALENT
4437,NO_ARABIC_EQUIVALENT
4440,NO_ARABIC_EQUIVALENT
4441,MAPPED
4442,MAPPED
4443,MAPPED
4452,EVIDENCE_GAP_ONLY
4453,MAPPED
4454,MAPPED
4455,MAPPED
7202,MAPPED
11155,MAPPED
18374,MAPPED
18679,MAPPED
6123,MAPPED
6126,MAPPED
6127,MAPPED
6128,MAPPED
6129,MAPPED
6130,MAPPED
6131,MAPPED
6133,MAPPED
6134,MAPPED
6135,MAPPED
6137,MAPPED
6139,MAPPED
6140,MAPPED
6142,MAPPED
6144,MAPPED
6147,MAPPED
6219,MAPPED
6221,MAPPED
6272,MAPPED
6280,MAPPED
6282,MAPPED
6283,MAPPED
6284,MAPPED
6285,MAPPED
6286,MAPPED
6287,EVIDENCE_GAP_ONLY
6288,MAPPED
6289,MAPPED
6290,MAPPED
6291,MAPPED
6293,MAPPED
6294,MAPPED
6295,MAPPED
6296,MAPPED
6297,MAPPED
6298,MAPPED
6312,MAPPED
6313,MAPPED
6316,MAPPED
6388,MAPPED
6666,MAPPED
6668,NO_ARABIC_EQUIVALENT
6669,MAPPED
6673,MAPPED
6674,MAPPED
6734,MAPPED
6914,NO_ARABIC_EQUIVALENT
7652,MAPPED
9122,MAPPED
9123,EVIDENCE_GAP_ONLY
9124,NO_ARABIC_EQUIVALENT
9274,MAPPED
9275,MAPPED
10126,MAPPED
10852,MAPPED
14559,MAPPED
14570,EVIDENCE_GAP_ONLY
14588,MAPPED
14599,MAPPED
14756,EVIDENCE_GAP_ONLY
14809,EVIDENCE_GAP_ONLY
15007,MAPPED
15203,MAPPED
16190,MAPPED
17637,MAPPED
18721,MAPPED
18795,MAPPED
18796,NO_ARABIC_EQUIVALENT
18797,NO_ARABIC_EQUIVALENT
18798,MAPPED
18799,MAPPED
18800,MAPPED
18801,MAPPED
18802,MAPPED
18803,MAPPED
18804,MAPPED
18805,MAPPED
6412,MAPPED
6413,MAPPED
6414,MAPPED
6415,MAPPED
6416,EVIDENCE_GAP_ONLY
6417,EVIDENCE_GAP_ONLY
6418,MAPPED
6420,MAPPED
6421,MAPPED
6422,MAPPED
6423,MAPPED
6424,MAPPED
6425,EVIDENCE_GAP_ONLY
6426,EVIDENCE_GAP_ONLY
6427,MAPPED
6428,MAPPED
6429,MAPPED
6430,MAPPED
6546,MAPPED
6593,EVIDENCE_GAP_ONLY
6594,EVIDENCE_GAP_ONLY
6595,MAPPED
6596,EVIDENCE_GAP_ONLY
6597,EVIDENCE_GAP_ONLY
6599,EVIDENCE_GAP_ONLY
6600,EVIDENCE_GAP_ONLY
6601,EVIDENCE_GAP_ONLY
6602,MAPPED
6604,MAPPED
6605,MAPPED
6681,EVIDENCE_GAP_ONLY
6682,EVIDENCE_GAP_ONLY
6683,MAPPED
6684,MAPPED
6701,EVIDENCE_GAP_ONLY
6702,MAPPED
7430,MAPPED
8737,MAPPED
9844,MAPPED
9890,MAPPED
10287,MAPPED
10288,MAPPED
13040,MAPPED
13041,EVIDENCE_GAP_ONLY
13043,EVIDENCE_GAP_ONLY
13267,MAPPED
13858,MAPPED
15067,MAPPED
15556,MAPPED
15557,MAPPED
17678,MAPPED
18389,MAPPED
18539,MAPPED
769,MAPPED
771,MAPPED
772,MAPPED
773,MAPPED
774,EVIDENCE_GAP_ONLY
776,MAPPED
777,MAPPED
778,MAPPED
779,MAPPED
4327,MAPPED
4333,MAPPED
6932,MAPPED
6934,MAPPED
6937,MAPPED
6939,EVIDENCE_GAP_ONLY
6941,MAPPED
6942,MAPPED
6943,MAPPED
6944,MAPPED
6945,MAPPED
6947,EVIDENCE_GAP_ONLY
6948,EVIDENCE_GAP_ONLY
6949,MAPPED
6950,MAPPED
6951,MAPPED
6952,MAPPED
6953,MAPPED
6954,MAPPED
6955,MAPPED
6956,MAPPED
7106,MAPPED
7112,MAPPED
7113,MAPPED
7114,MAPPED
7141,MAPPED
7142,MAPPED
7143,MAPPED
7146,MAPPED
7147,EVIDENCE_GAP_ONLY
7148,MAPPED
7149,MAPPED
7150,MAPPED
7151,MAPPED
7152,MAPPED
7153,MAPPED
7154,EVIDENCE_GAP_ONLY
7155,MAPPED
7156,MAPPED
7157,MAPPED
7158,MAPPED
7159,MAPPED
7160,MAPPED
7161,MAPPED
7162,MAPPED
7163,MAPPED
7164,MAPPED
7186,MAPPED
7187,MAPPED
7188,MAPPED
7190,NO_ARABIC_EQUIVALENT
7191,MAPPED
7196,MAPPED
7200,MAPPED
7221,MAPPED
7252,MAPPED
7253,MAPPED
7254,MAPPED
7261,MAPPED
7262,EVIDENCE_GAP_ONLY
7263,MAPPED
7264,MAPPED
7265,MAPPED
7266,MAPPED
7267,EVIDENCE_GAP_ONLY
7270,MAPPED
7271,MAPPED
7272,EVIDENCE_GAP_ONLY
7273,EVIDENCE_GAP_ONLY
7274,MAPPED
7275,EVIDENCE_GAP_ONLY
7276,MAPPED
7277,MAPPED
7278,MAPPED
7279,MAPPED
7280,EVIDENCE_GAP_ONLY
7281,MAPPED
7283,MAPPED
7284,MAPPED
7285,MAPPED
7286,MAPPED
7287,MAPPED
7288,MAPPED
7289,MAPPED
7290,MAPPED
7291,MAPPED
7292,EVIDENCE_GAP_ONLY
7293,MAPPED
7298,MAPPED
7299,MAPPED
7300,MAPPED
7301,MAPPED
7302,MAPPED
7303,MAPPED
7304,MAPPED
7305,MAPPED
8590,EVIDENCE_GAP_ONLY
8776,MAPPED
8777,MAPPED
8778,MAPPED
8779,MAPPED
8780,MAPPED
8781,MAPPED
8782,EVIDENCE_GAP_ONLY
8783,EVIDENCE_GAP_ONLY
8785,EVIDENCE_GAP_ONLY
8786,EVIDENCE_GAP_ONLY
8787,MAPPED
8788,MAPPED
8789,MAPPED
8790,MAPPED
8791,MAPPED
8792,MAPPED
8793,MAPPED
8794,MAPPED
8795,MAPPED
8796,MAPPED
8797,MAPPED
8798,EVIDENCE_GAP_ONLY
8799,MAPPED
8800,MAPPED
8801,MAPPED
8802,MAPPED
8803,MAPPED
8804,MAPPED
8805,MAPPED
8806,MAPPED
8808,MAPPED
8809,MAPPED
8810,MAPPED
8811,EVIDENCE_GAP_ONLY
8831,MAPPED
8832,MAPPED
8833,MAPPED
8834,MAPPED
8835,MAPPED
8836,MAPPED
8837,MAPPED
8839,MAPPED
8840,MAPPED
8843,MAPPED
8844,EVIDENCE_GAP_ONLY
8845,EVIDENCE_GAP_ONLY
8846,EVIDENCE_GAP_ONLY
8847,MAPPED
8854,NO_ARABIC_EQUIVALENT
8855,EVIDENCE_GAP_ONLY
8856,MAPPED
8860,EVIDENCE_GAP_ONLY
8861,MAPPED
8862,MAPPED
8868,EVIDENCE_GAP_ONLY
8871,MAPPED
8872,MAPPED
8873,MAPPED
8874,MAPPED
8875,MAPPED
8876,MAPPED
8877,MAPPED
8878,MAPPED
8988,MAPPED
10660,MAPPED
10915,MAPPED
13282,MAPPED
13651,MAPPED
14759,MAPPED
15174,EVIDENCE_GAP_ONLY
15175,MAPPED
17264,MAPPED
17674,MAPPED
17689,MAPPED
17693,MAPPED
17694,MAPPED
855,MAPPED
856,MAPPED
857,MAPPED
861,MAPPED
863,MAPPED
864,MAPPED
865,MAPPED
866,MAPPED
867,MAPPED
870,EVIDENCE_GAP_ONLY
872,MAPPED
873,EVIDENCE_GAP_ONLY
875,MAPPED
877,MAPPED
878,MAPPED
880,MAPPED
881,MAPPED
883,MAPPED
884,MAPPED
886,MAPPED
887,MAPPED
4198,MAPPED
4202,MAPPED
4203,EVIDENCE_GAP_ONLY
4313,MAPPED
6689,MAPPED
6694,MAPPED
6695,EVIDENCE_GAP_ONLY
6697,MAPPED
6700,MAPPED
6704,MAPPED
6705,MAPPED
6706,MAPPED
6707,MAPPED
6709,MAPPED
6711,MAPPED
6824,MAPPED
6851,MAPPED
6852,MAPPED
7110,MAPPED
8354,MAPPED
8746,MAPPED
10257,MAPPED
10258,MAPPED
10259,MAPPED
10260,MAPPED
10261,MAPPED
10262,MAPPED
10812,MAPPED
10874,MAPPED
10875,MAPPED
10876,MAPPED
10902,MAPPED
10903,MAPPED
11178,MAPPED
11182,MAPPED
11184,MAPPED
11974,MAPPED
12203,MAPPED
13265,MAPPED
13542,MAPPED
13832,MAPPED
14144,MAPPED
14145,MAPPED
15321,MAPPED
16220,MAPPED
16898,MAPPED
780,MAPPED
781,MAPPED
782,MAPPED
783,MAPPED
784,MAPPED
785,MAPPED
786,MAPPED
787,MAPPED
788,MAPPED
789,MAPPED
790,MAPPED
791,MAPPED
792,MAPPED
793,MAPPED
794,MAPPED
795,MAPPED
796,MAPPED
797,MAPPED
798,MAPPED
799,EVIDENCE_GAP_ONLY
800,MAPPED
801,MAPPED
802,MAPPED
803,MAPPED
804,MAPPED
805,EVIDENCE_GAP_ONLY
806,MAPPED
807,MAPPED
808,MAPPED
809,MAPPED
810,MAPPED
811,MAPPED
812,MAPPED
813,MAPPED
814,MAPPED
815,MAPPED
816,EVIDENCE_GAP_ONLY
817,MAPPED
818,MAPPED
819,MAPPED
820,MAPPED
821,MAPPED
822,MAPPED
823,MAPPED
824,MAPPED
825,EVIDENCE_GAP_ONLY
826,MAPPED
827,EVIDENCE_GAP_ONLY
828,MAPPED
829,MAPPED
830,MAPPED
831,EVIDENCE_GAP_ONLY
832,MAPPED
833,MAPPED
834,EVIDENCE_GAP_ONLY
835,MAPPED
836,MAPPED
837,MAPPED
838,EVIDENCE_GAP_ONLY
839,MAPPED
840,MAPPED
841,MAPPED
842,MAPPED
843,MAPPED
844,MAPPED
845,MAPPED
846,MAPPED
847,MAPPED
848,MAPPED
849,MAPPED
850,MAPPED
851,EVIDENCE_GAP_ONLY
852,MAPPED
853,MAPPED
854,MAPPED
4123,MAPPED
4210,MAPPED
4211,MAPPED
4212,MAPPED
4213,EVIDENCE_GAP_ONLY
4214,MAPPED
4215,MAPPED
4216,MAPPED
4217,MAPPED
4218,MAPPED
4219,MAPPED
4220,MAPPED
4292,MAPPED
4293,MAPPED
4295,MAPPED
4296,MAPPED
4297,MAPPED
4299,MAPPED
4300,MAPPED
4317,MAPPED
4318,MAPPED
4320,MAPPED
4322,MAPPED
4325,MAPPED
4328,MAPPED
4329,MAPPED
4330,NO_ARABIC_EQUIVALENT
4332,MAPPED
5296,MAPPED
6051,MAPPED
6460,MAPPED
6471,MAPPED
6475,MAPPED
6480,EVIDENCE_GAP_ONLY
6489,MAPPED
6530,EVIDENCE_GAP_ONLY
6532,MAPPED
6922,MAPPED
7144,MAPPED
7145,MAPPED
11972,MAPPED
12785,MAPPED
13264,MAPPED
14612,MAPPED
14987,MAPPED
15009,MAPPED
15013,MAPPED
15061,MAPPED
15081,MAPPED
15082,MAPPED
15107,MAPPED
15108,MAPPED
15110,MAPPED
15121,MAPPED
15136,EVIDENCE_GAP_ONLY
15176,EVIDENCE_GAP_ONLY
15582,MAPPED
15584,MAPPED
15605,EVIDENCE_GAP_ONLY
16407,MAPPED
17610,MAPPED
2675,MAPPED
2676,EVIDENCE_GAP_ONLY
2677,EVIDENCE_GAP_ONLY
2678,EVIDENCE_GAP_ONLY
2679,EVIDENCE_GAP_ONLY
2680,MAPPED
2681,MAPPED
2697,EVIDENCE_GAP_ONLY
2698,MAPPED
2700,MAPPED
2701,MAPPED
2703,EVIDENCE_GAP_ONLY
2704,MAPPED
2705,EVIDENCE_GAP_ONLY
2706,EVIDENCE_GAP_ONLY
2707,MAPPED
2708,MAPPED
2709,EVIDENCE_GAP_ONLY
2710,MAPPED
2711,MAPPED
2712,MAPPED
2713,MAPPED
2717,MAPPED
2718,MAPPED
2721,MAPPED
2722,MAPPED
2723,EVIDENCE_GAP_ONLY
2733,MAPPED
2734,MAPPED
2735,MAPPED
2736,EVIDENCE_GAP_ONLY
2737,MAPPED
2738,MAPPED
2739,MAPPED
2740,EVIDENCE_GAP_ONLY
2742,MAPPED
3155,MAPPED
3156,MAPPED
3287,EVIDENCE_GAP_ONLY
8981,MAPPED
8982,MAPPED
8983,MAPPED
8984,MAPPED
8985,MAPPED
8986,MAPPED
8987,MAPPED
8993,MAPPED
9120,MAPPED
9121,MAPPED
9251,MAPPED
9252,MAPPED
9253,MAPPED
9254,MAPPED
9255,MAPPED
9256,MAPPED
9257,MAPPED
9258,MAPPED
9259,EVIDENCE_GAP_ONLY
9260,MAPPED
9261,MAPPED
9262,MAPPED
9263,MAPPED
9264,MAPPED
9265,MAPPED
9266,MAPPED
9267,MAPPED
11629,MAPPED
13210,MAPPED
13331,MAPPED
13826,MAPPED
17040,MAPPED
17106,MAPPED
17107,MAPPED
1007,MAPPED
1008,MAPPED
1009,MAPPED
1010,MAPPED
1011,EVIDENCE_GAP_ONLY
1012,MAPPED
1013,MAPPED
1014,MAPPED
1015,EVIDENCE_GAP_ONLY
1016,MAPPED
2575,MAPPED
2576,MAPPED
2577,NO_ARABIC_EQUIVALENT
2578,MAPPED
2579,EVIDENCE_GAP_ONLY
2580,MAPPED
2581,MAPPED
2582,EVIDENCE_GAP_ONLY
2584,MAPPED
2585,MAPPED
2586,MAPPED
2587,MAPPED
2588,MAPPED
2589,MAPPED
2590,MAPPED
2591,MAPPED
2592,MAPPED
2598,MAPPED
2599,MAPPED
2612,MAPPED
2614,MAPPED
2625,EVIDENCE_GAP_ONLY
2626,MAPPED
2627,MAPPED
3894,MAPPED
3900,MAPPED
3901,MAPPED
3902,EVIDENCE_GAP_ONLY
3903,NO_ARABIC_EQUIVALENT
3904,MAPPED
3907,MAPPED
3908,MAPPED
3925,MAPPED
3928,MAPPED
5205,MAPPED
6919,MAPPED
7017,MAPPED
7107,EVIDENCE_GAP_ONLY
7108,MAPPED
7127,MAPPED
7128,MAPPED
7131,MAPPED
7138,MAPPED
15613,EVIDENCE_GAP_ONLY
15630,MAPPED
15775,MAPPED
15779,NO_ARABIC_EQUIVALENT
15822,MAPPED
17364,NO_ARABIC_EQUIVALENT
5058,MAPPED
5059,EVIDENCE_GAP_ONLY
5060,EVIDENCE_GAP_ONLY
5061,MAPPED
5062,EVIDENCE_GAP_ONLY
5063,MAPPED
5064,MAPPED
5075,MAPPED
5076,MAPPED
5077,MAPPED
5078,MAPPED
5079,MAPPED
5080,MAPPED
5081,MAPPED
5082,MAPPED
5083,MAPPED
5084,MAPPED
5085,EVIDENCE_GAP_ONLY
5086,MAPPED
5087,MAPPED
5089,MAPPED
5090,EVIDENCE_GAP_ONLY
5091,EVIDENCE_GAP_ONLY
5092,MAPPED
5093,EVIDENCE_GAP_ONLY
5094,MAPPED
5095,MAPPED
5096,MAPPED
5097,EVIDENCE_GAP_ONLY
5099,EVIDENCE_GAP_ONLY
5100,EVIDENCE_GAP_ONLY
5101,MAPPED
5102,MAPPED
5103,MAPPED
5104,MAPPED
5105,EVIDENCE_GAP_ONLY
5106,EVIDENCE_GAP_ONLY
5107,MAPPED
5108,MAPPED
5109,MAPPED
5110,MAPPED
5111,MAPPED
5112,MAPPED
5113,MAPPED
5114,MAPPED
5115,MAPPED
5116,EVIDENCE_GAP_ONLY
5117,MAPPED
5118,EVIDENCE_GAP_ONLY
5119,MAPPED
5120,EVIDENCE_GAP_ONLY
5121,MAPPED
5122,MAPPED
5123,MAPPED
5124,MAPPED
5125,EVIDENCE_GAP_ONLY
5127,EVIDENCE_GAP_ONLY
5128,MAPPED
5129,MAPPED
5130,EVIDENCE_GAP_ONLY
5131,MAPPED
5132,MAPPED
5133,MAPPED
6326,MAPPED
13129,MAPPED
13866,MAPPED
15542,MAPPED
15561,MAPPED
15965,MAPPED
16810,MAPPED
16832,MAPPED
1724,MAPPED
1725,MAPPED
1726,MAPPED
1727,MAPPED
1728,EVIDENCE_GAP_ONLY
1729,MAPPED
1730,MAPPED
1731,MAPPED
1732,MAPPED
1733,EVIDENCE_GAP_ONLY
1734,EVIDENCE_GAP_ONLY
1735,MAPPED
1736,MAPPED
1737,MAPPED
1738,MAPPED
1740,MAPPED
1741,MAPPED
1742,MAPPED
8750,MAPPED
8751,MAPPED
12550,EVIDENCE_GAP_ONLY
12551,MAPPED
12552,MAPPED
12645,MAPPED
13636,MAPPED
13637,MAPPED
14104,MAPPED
14105,MAPPED
14106,MAPPED
14107,MAPPED
14108,EVIDENCE_GAP_ONLY
14109,EVIDENCE_GAP_ONLY
14110,MAPPED
14210,MAPPED
14217,MAPPED
14218,MAPPED
14219,EVIDENCE_GAP_ONLY
14361,MAPPED
14594,MAPPED
14615,MAPPED
15356,EVIDENCE_GAP_ONLY
15940,MAPPED
16465,MAPPED
16466,EVIDENCE_GAP_ONLY
16467,MAPPED
16468,MAPPED
16469,EVIDENCE_GAP_ONLY
16470,MAPPED
16471,MAPPED
16756,EVIDENCE_GAP_ONLY
18705,MAPPED
1909,EVIDENCE_GAP_ONLY
1910,MAPPED
1911,EVIDENCE_GAP_ONLY
1912,EVIDENCE_GAP_ONLY
1913,MAPPED
1914,EVIDENCE_GAP_ONLY
1916,EVIDENCE_GAP_ONLY
1917,MAPPED
1918,MAPPED
1919,MAPPED
1920,MAPPED
1921,MAPPED
1922,MAPPED
1924,MAPPED
1925,MAPPED
1926,EVIDENCE_GAP_ONLY
1927,MAPPED
1928,EVIDENCE_GAP_ONLY
1929,MAPPED
1930,MAPPED
1931,MAPPED
1932,EVIDENCE_GAP_ONLY
1933,EVIDENCE_GAP_ONLY
1935,EVIDENCE_GAP_ONLY
1936,MAPPED
1937,EVIDENCE_GAP_ONLY
1938,MAPPED
1939,EVIDENCE_GAP_ONLY
1940,EVIDENCE_GAP_ONLY
3803,MAPPED
3804,MAPPED
3805,MAPPED
3806,MAPPED
3807,MAPPED
5149,EVIDENCE_GAP_ONLY
10457,MAPPED
10458,MAPPED
10638,MAPPED
10917,EVIDENCE_GAP_ONLY
11600,MAPPED
11611,MAPPED
11623,MAPPED
13315,EVIDENCE_GAP_ONLY
14676,MAPPED
14981,MAPPED
16741,MAPPED
16742,EVIDENCE_GAP_ONLY
278,MAPPED
279,MAPPED
280,EVIDENCE_GAP_ONLY
284,EVIDENCE_GAP_ONLY
285,MAPPED
286,MAPPED
287,MAPPED
288,MAPPED
291,MAPPED
292,MAPPED
308,MAPPED
309,MAPPED
310,MAPPED
314,MAPPED
321,MAPPED
325,MAPPED
326,MAPPED
327,MAPPED
328,MAPPED
329,MAPPED
330,MAPPED
331,MAPPED
335,MAPPED
336,MAPPED
337,MAPPED
339,MAPPED
340,MAPPED
342,MAPPED
354,MAPPED
362,MAPPED
363,MAPPED
364,MAPPED
365,MAPPED
366,MAPPED
367,MAPPED
370,MAPPED
4116,MAPPED
4118,MAPPED
4119,MAPPED
4120,MAPPED
4121,MAPPED
4122,MAPPED
4159,MAPPED
4167,MAPPED
5237,EVIDENCE_GAP_ONLY
8500,MAPPED
8501,MAPPED
8502,MAPPED
8970,MAPPED
8971,MAPPED
10798,MAPPED
11191,MAPPED
12416,EVIDENCE_GAP_ONLY
12854,MAPPED
17421,MAPPED
4117,MAPPED
4128,MAPPED
4129,MAPPED
4130,EVIDENCE_GAP_ONLY
4131,MAPPED
4132,MAPPED
4133,EVIDENCE_GAP_ONLY
4134,MAPPED
4135,MAPPED
4136,MAPPED
4139,MAPPED
4140,MAPPED
4141,NO_ARABIC_EQUIVALENT
4142,MAPPED
4143,MAPPED
4144,EVIDENCE_GAP_ONLY
4145,MAPPED
4146,MAPPED
4147,NO_ARABIC_EQUIVALENT
4154,EVIDENCE_GAP_ONLY
4155,MAPPED
4156,MAPPED
4157,MAPPED
4160,MAPPED
4161,MAPPED
4162,MAPPED
4163,MAPPED
4164,MAPPED
6432,MAPPED
7364,MAPPED
7365,EVIDENCE_GAP_ONLY
7366,MAPPED
7367,MAPPED
7370,MAPPED
7372,MAPPED
7374,MAPPED
7375,MAPPED
7376,MAPPED
7380,EVIDENCE_GAP_ONLY
7381,EVIDENCE_GAP_ONLY
7384,MAPPED
7385,MAPPED
7387,MAPPED
7388,MAPPED
7389,MAPPED
7391,MAPPED
7392,MAPPED
7393,MAPPED
7394,MAPPED
7395,EVIDENCE_GAP_ONLY
7396,MAPPED
7397,MAPPED
7398,MAPPED
7399,MAPPED
7400,MAPPED
7401,MAPPED
7402,EVIDENCE_GAP_ONLY
7403,MAPPED
7404,MAPPED
7406,MAPPED
7407,MAPPED
7408,MAPPED
7411,EVIDENCE_GAP_ONLY
7412,MAPPED
7418,MAPPED
7419,MAPPED
7420,MAPPED
7421,MAPPED
7426,MAPPED
8903,MAPPED
8972,MAPPED
9572,MAPPED
10549,MAPPED
10847,MAPPED
11192,MAPPED
11193,MAPPED
12757,MAPPED
13118,MAPPED
13586,MAPPED
15052,MAPPED
15590,MAPPED
16040,MAPPED
18629,MAPPED
18630,MAPPED
8630,MAPPED
8631,EVIDENCE_GAP_ONLY
8632,MAPPED
8633,MAPPED
8634,EVIDENCE_GAP_ONLY
8635,EVIDENCE_GAP_ONLY
8636,MAPPED
8638,EVIDENCE_GAP_ONLY
8639,MAPPED
8640,MAPPED
8641,EVIDENCE_GAP_ONLY
8642,MAPPED
8643,MAPPED
8644,MAPPED
8645,MAPPED
8646,MAPPED
8647,MAPPED
8648,MAPPED
8650,MAPPED
8651,MAPPED
8906,MAPPED
8907,MAPPED
8914,EVIDENCE_GAP_ONLY
9042,EVIDENCE_GAP_ONLY
9043,EVIDENCE_GAP_ONLY
9044,EVIDENCE_GAP_ONLY
9045,MAPPED
9047,MAPPED
9048,MAPPED
9049,NO_ARABIC_EQUIVALENT
9050,NO_ARABIC_EQUIVALENT
9051,MAPPED
9052,MAPPED
9053,MAPPED
9055,MAPPED
9056,MAPPED
9057,MAPPED
9058,MAPPED
9059,MAPPED
9060,NO_ARABIC_EQUIVALENT
9061,NO_ARABIC_EQUIVALENT
9062,NO_ARABIC_EQUIVALENT
9063,EVIDENCE_GAP_ONLY
9064,NO_ARABIC_EQUIVALENT
9065,MAPPED
9066,MAPPED
9067,MAPPED
9068,MAPPED
9069,MAPPED
9070,MAPPED
9073,MAPPED
9074,MAPPED
9075,MAPPED
9076,MAPPED
9077,EVIDENCE_GAP_ONLY
9080,NO_ARABIC_EQUIVALENT
9086,MAPPED
9087,MAPPED
9088,MAPPED
9090,MAPPED
9091,NO_ARABIC_EQUIVALENT
9092,NO_ARABIC_EQUIVALENT
9093,NO_ARABIC_EQUIVALENT
9097,MAPPED
9098,MAPPED
9099,NO_ARABIC_EQUIVALENT
14610,EVIDENCE_GAP_ONLY
16449,EVIDENCE_GAP_ONLY
16812,MAPPED
17590,MAPPED
18400,MAPPED
2142,MAPPED
2143,MAPPED
2144,MAPPED
2145,EVIDENCE_GAP_ONLY
2146,MAPPED
2147,MAPPED
2148,MAPPED
2149,EVIDENCE_GAP_ONLY
2150,EVIDENCE_GAP_ONLY
2151,MAPPED
2152,EVIDENCE_GAP_ONLY
2153,MAPPED
2154,MAPPED
2155,EVIDENCE_GAP_ONLY
2156,EVIDENCE_GAP_ONLY
2157,EVIDENCE_GAP_ONLY
2158,EVIDENCE_GAP_ONLY
2159,EVIDENCE_GAP_ONLY
2160,EVIDENCE_GAP_ONLY
2161,MAPPED
2162,MAPPED
2163,MAPPED
2164,MAPPED
2165,MAPPED
2166,MAPPED
2167,NO_ARABIC_EQUIVALENT
2168,NO_ARABIC_EQUIVALENT
2169,MAPPED
2171,MAPPED
2172,MAPPED
2173,EVIDENCE_GAP_ONLY
2179,MAPPED
2180,MAPPED
2238,MAPPED
2239,MAPPED
2240,MAPPED
2307,EVIDENCE_GAP_ONLY
2867,EVIDENCE_GAP_ONLY
2868,MAPPED
2869,MAPPED
2870,MAPPED
2871,MAPPED
2872,MAPPED
2873,MAPPED
2874,MAPPED
2875,MAPPED
2876,MAPPED
5302,EVIDENCE_GAP_ONLY
5303,EVIDENCE_GAP_ONLY
5304,MAPPED
5305,EVIDENCE_GAP_ONLY
5306,MAPPED
7798,MAPPED
11747,MAPPED
13316,MAPPED
14670,EVIDENCE_GAP_ONLY
16128,MAPPED
16848,EVIDENCE_GAP_ONLY
17696,MAPPED
1573,MAPPED
1574,MAPPED
1575,MAPPED
1576,MAPPED
1577,MAPPED
1578,MAPPED
1579,MAPPED
1580,MAPPED
1581,MAPPED
1582,MAPPED
1583,MAPPED
1584,MAPPED
1585,MAPPED
1586,MAPPED
1587,MAPPED
1588,MAPPED
1589,MAPPED
1590,EVIDENCE_GAP_ONLY
1591,MAPPED
1592,MAPPED
1593,MAPPED
1594,MAPPED
1595,MAPPED
1596,MAPPED
1597,MAPPED
1598,MAPPED
1599,MAPPED
1600,MAPPED
1601,MAPPED
1602,MAPPED
1603,MAPPED
1604,EVIDENCE_GAP_ONLY
1605,MAPPED
1606,MAPPED
1607,MAPPED
1608,MAPPED
1609,MAPPED
1610,MAPPED
1611,MAPPED
1612,MAPPED
1613,MAPPED
4099,MAPPED
4100,MAPPED
4101,MAPPED
4102,MAPPED
4103,MAPPED
4104,EVIDENCE_GAP_ONLY
4105,EVIDENCE_GAP_ONLY
4106,MAPPED
4107,MAPPED
4108,MAPPED
4109,MAPPED
4110,EVIDENCE_GAP_ONLY
4111,MAPPED
4112,MAPPED
4113,MAPPED
4114,MAPPED
4115,MAPPED
4205,MAPPED
4206,MAPPED
4207,MAPPED
7466,MAPPED
10625,MAPPED
10822,MAPPED
11420,MAPPED
11805,MAPPED
12182,EVIDENCE_GAP_ONLY
12183,MAPPED
12433,MAPPED
13153,MAPPED
13371,MAPPED
13589,MAPPED
13590,EVIDENCE_GAP_ONLY
13595,MAPPED
13654,EVIDENCE_GAP_ONLY
13833,MAPPED
13964,MAPPED
14509,MAPPED
14529,MAPPED
14592,MAPPED
14597,MAPPED
14611,MAPPED
14635,MAPPED
14687,MAPPED
14715,MAPPED
14724,MAPPED
14768,MAPPED
14771,MAPPED
14820,EVIDENCE_GAP_ONLY
14862,MAPPED
14879,MAPPED
14927,EVIDENCE_GAP_ONLY
15240,MAPPED
15845,MAPPED
15847,MAPPED
16013,MAPPED
16331,MAPPED
17272,MAPPED
17311,EVIDENCE_GAP_ONLY
17600,MAPPED
17622,MAPPED
17638,EVIDENCE_GAP_ONLY
17661,EVIDENCE_GAP_ONLY
18074,MAPPED
18329,MAPPED
18330,MAPPED
3707,MAPPED
3708,MAPPED
8708,MAPPED
8709,EVIDENCE_GAP_ONLY
8710,EVIDENCE_GAP_ONLY
8712,MAPPED
10200,MAPPED
10201,MAPPED
10202,MAPPED
10203,MAPPED
10204,MAPPED
10205,MAPPED
10661,MAPPED
10662,MAPPED
10711,EVIDENCE_GAP_ONLY
10713,MAPPED
10714,MAPPED
11418,MAPPED
11419,EVIDENCE_GAP_ONLY
11435,EVIDENCE_GAP_ONLY
11436,EVIDENCE_GAP_ONLY
11437,MAPPED
11550,MAPPED
11659,MAPPED
11660,EVIDENCE_GAP_ONLY
12510,EVIDENCE_GAP_ONLY
12654,EVIDENCE_GAP_ONLY
12739,MAPPED
12784,MAPPED
13498,MAPPED
13505,MAPPED
13770,EVIDENCE_GAP_ONLY
13790,MAPPED
13795,EVIDENCE_GAP_ONLY
13802,EVIDENCE_GAP_ONLY
13828,MAPPED
13829,MAPPED
13847,MAPPED
13854,MAPPED
13855,MAPPED
13861,MAPPED
13953,MAPPED
14169,MAPPED
14392,MAPPED
14399,MAPPED
14401,MAPPED
14411,EVIDENCE_GAP_ONLY
14491,MAPPED
14575,MAPPED
14661,MAPPED
15242,MAPPED
15250,MAPPED
15331,MAPPED
15353,MAPPED
15972,EVIDENCE_GAP_ONLY
16283,MAPPED
16460,EVIDENCE_GAP_ONLY
16624,MAPPED
16625,MAPPED
16766,EVIDENCE_GAP_ONLY
16859,MAPPED
17296,MAPPED
18420,EVIDENCE_GAP_ONLY
18660,MAPPED
1340,MAPPED
1342,MAPPED
1344,MAPPED
1346,MAPPED
1348,EVIDENCE_GAP_ONLY
1350,MAPPED
1354,MAPPED
1356,MAPPED
1359,MAPPED
1360,MAPPED
1362,MAPPED
1366,EVIDENCE_GAP_ONLY
1368,MAPPED
1370,MAPPED
1374,MAPPED
1376,MAPPED
1378,MAPPED
1380,MAPPED
1382,EVIDENCE_GAP_ONLY
1386,MAPPED
1388,MAPPED
1390,EVIDENCE_GAP_ONLY
1392,MAPPED
1393,MAPPED
1395,MAPPED
1397,EVIDENCE_GAP_ONLY
1398,MAPPED
1400,EVIDENCE_GAP_ONLY
1402,MAPPED
1403,NO_ARABIC_EQUIVALENT
1407,MAPPED
1409,MAPPED
1411,MAPPED
1413,MAPPED
1414,MAPPED
1416,MAPPED
1418,MAPPED
1420,EVIDENCE_GAP_ONLY
1422,MAPPED
1423,MAPPED
1425,MAPPED
1426,MAPPED
1428,EVIDENCE_GAP_ONLY
1429,MAPPED
1431,EVIDENCE_GAP_ONLY
1433,EVIDENCE_GAP_ONLY
1435,MAPPED
1437,MAPPED
1439,NO_ARABIC_EQUIVALENT
1440,NO_ARABIC_EQUIVALENT
1442,NO_ARABIC_EQUIVALENT
1446,MAPPED
1448,NO_ARABIC_EQUIVALENT
1452,MAPPED
1453,MAPPED
1455,MAPPED
1459,MAPPED
1461,EVIDENCE_GAP_ONLY
1463,MAPPED
1465,MAPPED
1467,MAPPED
1474,MAPPED
1475,MAPPED
1477,MAPPED
1479,MAPPED
1481,MAPPED
1483,MAPPED
1485,EVIDENCE_GAP_ONLY
1487,MAPPED
1489,MAPPED
1491,MAPPED
1493,MAPPED
1495,MAPPED
1497,MAPPED
1499,MAPPED
1501,MAPPED
1503,MAPPED
1505,MAPPED
1507,MAPPED
1508,MAPPED
1510,MAPPED
1512,MAPPED
1514,MAPPED
1516,EVIDENCE_GAP_ONLY
1517,MAPPED
1519,EVIDENCE_GAP_ONLY
1521,MAPPED
1523,MAPPED
1525,MAPPED
1527,NO_ARABIC_EQUIVALENT
1529,MAPPED
6435,MAPPED
8720,MAPPED
9162,EVIDENCE_GAP_ONLY
9163,NO_ARABIC_EQUIVALENT
9174,EVIDENCE_GAP_ONLY
9292,MAPPED
9423,EVIDENCE_GAP_ONLY
11234,MAPPED
13541,MAPPED
15062,EVIDENCE_GAP_ONLY
15357,EVIDENCE_GAP_ONLY
17570,MAPPED
17571,EVIDENCE_GAP_ONLY
17572,MAPPED
4349,MAPPED
4352,MAPPED
4353,MAPPED
4354,MAPPED
4355,MAPPED
4356,MAPPED
4357,MAPPED
4358,MAPPED
4359,MAPPED
4360,MAPPED
4361,MAPPED
4362,MAPPED
4363,MAPPED
4364,MAPPED
4365,MAPPED
4366,MAPPED
4367,MAPPED
4368,NO_ARABIC_EQUIVALENT
4369,MAPPED
4370,MAPPED
4371,MAPPED
4372,MAPPED
4373,MAPPED
4374,MAPPED
4375,MAPPED
4376,MAPPED
4377,MAPPED
4378,MAPPED
4379,MAPPED
4380,MAPPED
4381,MAPPED
4382,MAPPED
4383,MAPPED
4384,MAPPED
4385,MAPPED
4386,EVIDENCE_GAP_ONLY
4387,MAPPED
4388,EVIDENCE_GAP_ONLY
4389,MAPPED
4390,MAPPED
4391,EVIDENCE_GAP_ONLY
4392,MAPPED
4393,MAPPED
4394,MAPPED
4395,EVIDENCE_GAP_ONLY
4396,MAPPED
4397,MAPPED
4398,MAPPED
4399,MAPPED
4400,EVIDENCE_GAP_ONLY
4401,MAPPED
4402,NO_ARABIC_EQUIVALENT
4403,MAPPED
4404,MAPPED
4405,MAPPED
4406,MAPPED
4407,MAPPED
4559,MAPPED
4560,MAPPED
4809,MAPPED
4970,MAPPED
10361,MAPPED
10362,MAPPED
10363,MAPPED
10364,MAPPED
11239,MAPPED
11240,EVIDENCE_GAP_ONLY
13088,MAPPED
13089,MAPPED
13090,MAPPED
13091,EVIDENCE_GAP_ONLY
13920,EVIDENCE_GAP_ONLY
14521,MAPPED
14555,MAPPED
14760,MAPPED
15263,MAPPED
15302,MAPPED
15303,MAPPED
15355,EVIDENCE_GAP_ONLY
17190,EVIDENCE_GAP_ONLY
372,MAPPED
373,MAPPED
374,MAPPED
375,MAPPED
376,MAPPED
377,MAPPED
378,MAPPED
379,MAPPED
380,MAPPED
381,MAPPED
382,EVIDENCE_GAP_ONLY
383,MAPPED
384,MAPPED
385,MAPPED
386,EVIDENCE_GAP_ONLY
387,MAPPED
388,MAPPED
389,EVIDENCE_GAP_ONLY
390,EVIDENCE_GAP_ONLY
391,MAPPED
392,MAPPED
393,EVIDENCE_GAP_ONLY
394,MAPPED
395,MAPPED
396,MAPPED
397,MAPPED
398,MAPPED
399,MAPPED
400,MAPPED
401,MAPPED
402,MAPPED
403,MAPPED
404,MAPPED
405,EVIDENCE_GAP_ONLY
406,MAPPED
407,MAPPED
408,MAPPED
409,MAPPED
410,MAPPED
411,MAPPED
412,MAPPED
413,MAPPED
414,MAPPED
415,MAPPED
416,MAPPED
417,MAPPED
418,MAPPED
419,MAPPED
420,MAPPED
421,MAPPED
422,MAPPED
6479,MAPPED
11973,EVIDENCE_GAP_ONLY
13073,EVIDENCE_GAP_ONLY
13447,MAPPED
13448,MAPPED
13449,MAPPED
13450,MAPPED
13451,MAPPED
13859,MAPPED
15111,MAPPED
15243,MAPPED
16018,EVIDENCE_GAP_ONLY
16025,MAPPED
16498,MAPPED
16515,MAPPED
3404,MAPPED
3405,MAPPED
3407,EVIDENCE_GAP_ONLY
3409,MAPPED
3410,MAPPED
3411,EVIDENCE_GAP_ONLY
3412,EVIDENCE_GAP_ONLY
3413,MAPPED
3414,MAPPED
3415,MAPPED
3416,MAPPED
3417,MAPPED
3418,EVIDENCE_GAP_ONLY
3496,MAPPED
3497,MAPPED
3498,EVIDENCE_GAP_ONLY
3499,EVIDENCE_GAP_ONLY
3500,EVIDENCE_GAP_ONLY
3501,MAPPED
3502,MAPPED
3503,MAPPED
3504,EVIDENCE_GAP_ONLY
3505,MAPPED
3506,MAPPED
3507,MAPPED
3508,MAPPED
3509,EVIDENCE_GAP_ONLY
3510,EVIDENCE_GAP_ONLY
3511,MAPPED
3512,MAPPED
3513,EVIDENCE_GAP_ONLY
3514,MAPPED
3515,MAPPED
3516,EVIDENCE_GAP_ONLY
3517,MAPPED
3518,MAPPED
3519,MAPPED
3520,MAPPED
3521,MAPPED
3522,MAPPED
3523,MAPPED
3524,MAPPED
3525,MAPPED
3526,MAPPED
3527,MAPPED
3528,MAPPED
3529,MAPPED
3530,MAPPED
3531,EVIDENCE_GAP_ONLY
3532,MAPPED
3533,MAPPED
3534,MAPPED
3535,MAPPED
3536,EVIDENCE_GAP_ONLY
3537,EVIDENCE_GAP_ONLY
3538,EVIDENCE_GAP_ONLY
3539,MAPPED
3540,EVIDENCE_GAP_ONLY
3554,EVIDENCE_GAP_ONLY
3555,MAPPED
3562,MAPPED
3563,MAPPED
3564,MAPPED
3565,EVIDENCE_GAP_ONLY
3566,MAPPED
3567,MAPPED
3568,EVIDENCE_GAP_ONLY
3569,EVIDENCE_GAP_ONLY
3570,MAPPED
3572,MAPPED
3573,EVIDENCE_GAP_ONLY
3574,MAPPED
3575,MAPPED
3576,MAPPED
3577,MAPPED
3578,MAPPED
3579,MAPPED
3580,EVIDENCE_GAP_ONLY
3581,MAPPED
3582,EVIDENCE_GAP_ONLY
3583,MAPPED
3584,MAPPED
3607,EVIDENCE_GAP_ONLY
3622,MAPPED
3623,EVIDENCE_GAP_ONLY
3624,MAPPED
3627,MAPPED
3628,MAPPED
3629,MAPPED
3630,MAPPED
3631,MAPPED
3632,MAPPED
3633,NO_ARABIC_EQUIVALENT
3634,MAPPED
3698,EVIDENCE_GAP_ONLY
3702,NO_ARABIC_EQUIVALENT
3703,EVIDENCE_GAP_ONLY
3705,EVIDENCE_GAP_ONLY
3706,MAPPED
7185,MAPPED
7251,MAPPED
7657,NO_ARABIC_EQUIVALENT
7658,MAPPED
10186,MAPPED
10355,MAPPED
11324,MAPPED
12783,MAPPED
13553,MAPPED
14409,MAPPED
14412,MAPPED
14535,MAPPED
15210,MAPPED
15465,MAPPED
15543,MAPPED
16284,MAPPED
10397,MAPPED
10398,MAPPED
10399,EVIDENCE_GAP_ONLY
10400,MAPPED
10410,EVIDENCE_GAP_ONLY
10411,MAPPED
10412,EVIDENCE_GAP_ONLY
10413,MAPPED
10414,MAPPED
10415,MAPPED
10416,MAPPED
10417,MAPPED
10418,MAPPED
10419,MAPPED
10420,MAPPED
10626,EVIDENCE_GAP_ONLY
10731,MAPPED
11294,MAPPED
11295,MAPPED
12250,MAPPED
12421,MAPPED
12621,MAPPED
12648,MAPPED
13293,EVIDENCE_GAP_ONLY
13499,MAPPED
13849,MAPPED
14688,MAPPED
14708,EVIDENCE_GAP_ONLY
14709,MAPPED
14714,MAPPED
14722,MAPPED
14725,MAPPED
14727,EVIDENCE_GAP_ONLY
14732,MAPPED
14736,EVIDENCE_GAP_ONLY
14757,MAPPED
14758,EVIDENCE_GAP_ONLY
14853,MAPPED
14884,EVIDENCE_GAP_ONLY
15222,MAPPED
15524,MAPPED
15973,MAPPED
16020,EVIDENCE_GAP_ONLY
16041,MAPPED
16453,MAPPED
16454,MAPPED
16455,MAPPED
16591,EVIDENCE_GAP_ONLY
16611,MAPPED
16622,EVIDENCE_GAP_ONLY
16643,MAPPED
17250,MAPPED
17268,MAPPED
17290,MAPPED
18337,MAPPED
18338,MAPPED
18339,MAPPED
18340,MAPPED
18341,MAPPED
18342,MAPPED
18343,EVIDENCE_GAP_ONLY
18345,MAPPED
18346,MAPPED
18347,MAPPED
18348,MAPPED
18349,EVIDENCE_GAP_ONLY
18350,EVIDENCE_GAP_ONLY
18351,MAPPED
18352,MAPPED
18353,MAPPED
18354,MAPPED
18355,MAPPED
18356,MAPPED
18357,MAPPED
18358,MAPPED
18359,EVIDENCE_GAP_ONLY
18360,MAPPED
18361,MAPPED
18362,MAPPED
18363,EVIDENCE_GAP_ONLY
18364,MAPPED
18365,MAPPED
18366,MAPPED
18367,MAPPED
18368,MAPPED
18369,MAPPED
18370,MAPPED
18371,MAPPED
18372,MAPPED
18373,MAPPED
18471,MAPPED
18472,MAPPED
18612,MAPPED
18675,MAPPED
2025,MAPPED
2026,MAPPED
2027,MAPPED
2028,MAPPED
2029,MAPPED
2030,MAPPED
2031,MAPPED
2032,MAPPED
2033,EVIDENCE_GAP_ONLY
2036,MAPPED
2037,MAPPED
2038,EVIDENCE_GAP_ONLY
2039,MAPPED
2040,MAPPED
2041,MAPPED
2042,MAPPED
2043,MAPPED
2044,EVIDENCE_GAP_ONLY
2046,NO_ARABIC_EQUIVALENT
2049,MAPPED
2050,MAPPED
2051,MAPPED
2052,MAPPED
2054,MAPPED
2055,MAPPED
2059,EVIDENCE_GAP_ONLY
2107,MAPPED
2177,MAPPED
2223,MAPPED
2224,EVIDENCE_GAP_ONLY
2225,EVIDENCE_GAP_ONLY
2226,NO_ARABIC_EQUIVALENT
2241,MAPPED
2242,EVIDENCE_GAP_ONLY
5546,MAPPED
6084,NO_ARABIC_EQUIVALENT
6085,EVIDENCE_GAP_ONLY
6086,MAPPED
6087,MAPPED
6091,NO_ARABIC_EQUIVALENT
6092,MAPPED
7598,MAPPED
7601,MAPPED
7602,EVIDENCE_GAP_ONLY
7604,MAPPED
8250,MAPPED
8252,MAPPED
8398,MAPPED
8441,EVIDENCE_GAP_ONLY
8999,EVIDENCE_GAP_ONLY
9036,MAPPED
9037,MAPPED
9038,MAPPED
9040,EVIDENCE_GAP_ONLY
9041,MAPPED
11296,EVIDENCE_GAP_ONLY
15560,EVIDENCE_GAP_ONLY
17360,MAPPED
17361,MAPPED
17685,MAPPED
18467,MAPPED
1084,MAPPED
1085,MAPPED
1086,EVIDENCE_GAP_ONLY
1087,MAPPED
1088,MAPPED
1089,EVIDENCE_GAP_ONLY
1090,MAPPED
1091,MAPPED
1092,MAPPED
1093,MAPPED
1094,EVIDENCE_GAP_ONLY
1095,MAPPED
1097,MAPPED
1098,MAPPED
1099,MAPPED
1100,MAPPED
1101,MAPPED
1102,MAPPED
1103,MAPPED
1104,MAPPED
1105,MAPPED
1106,MAPPED
1107,MAPPED
1109,MAPPED
1110,EVIDENCE_GAP_ONLY
1113,MAPPED
1114,MAPPED
1115,MAPPED
1116,MAPPED
2433,MAPPED
2435,MAPPED
2438,NO_ARABIC_EQUIVALENT
2440,MAPPED
2441,MAPPED
2442,MAPPED
2443,EVIDENCE_GAP_ONLY
2445,MAPPED
2447,NO_ARABIC_EQUIVALENT
2448,MAPPED
2449,NO_ARABIC_EQUIVALENT
2451,NO_ARABIC_EQUIVALENT
2454,NO_ARABIC_EQUIVALENT
2455,EVIDENCE_GAP_ONLY
2486,MAPPED
2487,MAPPED
2488,MAPPED
2493,MAPPED
2496,MAPPED
2511,MAPPED
2528,MAPPED
2529,MAPPED
2530,MAPPED
2546,MAPPED
2548,EVIDENCE_GAP_ONLY
2571,MAPPED
3913,MAPPED
3914,MAPPED
3915,MAPPED
3916,MAPPED
4726,MAPPED
5354,MAPPED
5355,MAPPED
5356,MAPPED
6034,MAPPED
11298,MAPPED
13994,MAPPED
14796,MAPPED
16966,MAPPED
17284,MAPPED
3318,MAPPED
3319,MAPPED
3320,MAPPED
3321,MAPPED
3322,MAPPED
3323,MAPPED
3324,MAPPED
3325,MAPPED
3326,MAPPED
3327,MAPPED
3328,EVIDENCE_GAP_ONLY
3329,MAPPED
3330,MAPPED
3331,MAPPED
3332,MAPPED
3333,MAPPED
3335,MAPPED
3336,MAPPED
3337,MAPPED
3338,EVIDENCE_GAP_ONLY
3339,MAPPED
3342,MAPPED
3343,MAPPED
3369,MAPPED
3381,MAPPED
3419,EVIDENCE_GAP_ONLY
3420,MAPPED
3836,MAPPED
3837,MAPPED
3838,MAPPED
3839,MAPPED
3840,MAPPED
3841,MAPPED
3842,MAPPED
7451,EVIDENCE_GAP_ONLY
11729,MAPPED
11730,EVIDENCE_GAP_ONLY
13232,MAPPED
13276,MAPPED
13277,MAPPED
13339,EVIDENCE_GAP_ONLY
13368,EVIDENCE_GAP_ONLY
13369,MAPPED
13370,MAPPED
13745,EVIDENCE_GAP_ONLY
13746,MAPPED
13747,MAPPED
13751,MAPPED
13797,MAPPED
13869,MAPPED
13874,EVIDENCE_GAP_ONLY
14165,EVIDENCE_GAP_ONLY
14733,MAPPED
14734,MAPPED
15231,MAPPED
15420,MAPPED
16191,MAPPED
17269,MAPPED
1118,MAPPED
1119,EVIDENCE_GAP_ONLY
1121,MAPPED
1122,MAPPED
1123,MAPPED
1124,MAPPED
1125,MAPPED
1126,MAPPED
1127,MAPPED
1128,MAPPED
1129,MAPPED
1130,MAPPED
1131,MAPPED
1132,MAPPED
1133,MAPPED
1134,MAPPED
1135,EVIDENCE_GAP_ONLY
1136,MAPPED
1137,MAPPED
1138,MAPPED
1139,MAPPED
1140,MAPPED
1141,EVIDENCE_GAP_ONLY
1142,EVIDENCE_GAP_ONLY
1143,MAPPED
1144,MAPPED
1145,MAPPED
1146,MAPPED
1147,EVIDENCE_GAP_ONLY
1148,MAPPED
1149,EVIDENCE_GAP_ONLY
1150,MAPPED
1151,MAPPED
4150,MAPPED
4153,MAPPED
5373,MAPPED
5425,EVIDENCE_GAP_ONLY
5428,MAPPED
8521,MAPPED
9371,MAPPED
13762,MAPPED
15073,MAPPED
15161,MAPPED
15162,MAPPED
15163,MAPPED
15596,EVIDENCE_GAP_ONLY
15616,MAPPED
15632,EVIDENCE_GAP_ONLY
15781,MAPPED
17368,EVIDENCE_GAP_ONLY
439,EVIDENCE_GAP_ONLY
440,EVIDENCE_GAP_ONLY
445,EVIDENCE_GAP_ONLY
446,EVIDENCE_GAP_ONLY
447,MAPPED
448,EVIDENCE_GAP_ONLY
449,EVIDENCE_GAP_ONLY
450,MAPPED
451,MAPPED
452,MAPPED
453,MAPPED
454,MAPPED
455,MAPPED
456,MAPPED
457,MAPPED
458,MAPPED
4281,EVIDENCE_GAP_ONLY
4283,MAPPED
4284,MAPPED
4291,MAPPED
4334,EVIDENCE_GAP_ONLY
4335,EVIDENCE_GAP_ONLY
4337,MAPPED
4338,MAPPED
4339,MAPPED
4341,MAPPED
6920,MAPPED
8215,MAPPED
8320,MAPPED
8321,MAPPED
8520,MAPPED
9870,EVIDENCE_GAP_ONLY
10960,MAPPED
11060,MAPPED
11061,MAPPED
11275,MAPPED
11276,MAPPED
11592,MAPPED
12680,EVIDENCE_GAP_ONLY
13100,MAPPED
13743,MAPPED
13871,MAPPED
13883,MAPPED
14006,MAPPED
15026,MAPPED
15669,MAPPED
15848,EVIDENCE_GAP_ONLY
17279,MAPPED
17301,MAPPED
1152,MAPPED
1153,MAPPED
1154,MAPPED
1156,NO_ARABIC_EQUIVALENT
1157,MAPPED
1158,MAPPED
1159,MAPPED
1160,MAPPED
1161,MAPPED
1162,MAPPED
1163,MAPPED
1164,NO_ARABIC_EQUIVALENT
1165,MAPPED
1166,MAPPED
1167,MAPPED
1168,MAPPED
1169,MAPPED
1170,MAPPED
1171,MAPPED
1172,NO_ARABIC_EQUIVALENT
1173,MAPPED
1174,MAPPED
1175,MAPPED
1176,MAPPED
1177,MAPPED
1178,EVIDENCE_GAP_ONLY
1179,NO_ARABIC_EQUIVALENT
1180,EVIDENCE_GAP_ONLY
1181,MAPPED
1182,MAPPED
1183,MAPPED
1184,MAPPED
1185,MAPPED
1186,MAPPED
1187,EVIDENCE_GAP_ONLY
1188,NO_ARABIC_EQUIVALENT
1189,EVIDENCE_GAP_ONLY
1190,MAPPED
1191,MAPPED
1192,MAPPED
1193,MAPPED
1194,MAPPED
1195,NO_ARABIC_EQUIVALENT
1196,MAPPED
1197,MAPPED
1198,NO_ARABIC_EQUIVALENT
1199,NO_ARABIC_EQUIVALENT
1200,EVIDENCE_GAP_ONLY
1201,MAPPED
1202,MAPPED
1203,MAPPED
1204,EVIDENCE_GAP_ONLY
1205,MAPPED
1206,MAPPED
1207,MAPPED
1208,MAPPED
1209,MAPPED
1210,MAPPED
1211,NO_ARABIC_EQUIVALENT
1212,EVIDENCE_GAP_ONLY
1213,MAPPED
1214,MAPPED
1215,MAPPED
1216,NO_ARABIC_EQUIVALENT
1217,MAPPED
1218,MAPPED
1219,MAPPED
1220,MAPPED
1221,NO_ARABIC_EQUIVALENT
1222,NO_ARABIC_EQUIVALENT
1223,MAPPED
1224,MAPPED
1225,NO_ARABIC_EQUIVALENT
1226,NO_ARABIC_EQUIVALENT
1227,MAPPED
1228,MAPPED
1229,MAPPED
1230,EVIDENCE_GAP_ONLY
1231,MAPPED
1233,MAPPED
1234,MAPPED
1235,MAPPED
1236,NO_ARABIC_EQUIVALENT
1237,MAPPED
1238,NO_ARABIC_EQUIVALENT
1239,MAPPED
1240,MAPPED
1241,MAPPED
1242,EVIDENCE_GAP_ONLY
1243,MAPPED
1244,MAPPED
1245,MAPPED
1246,MAPPED
1247,MAPPED
1248,EVIDENCE_GAP_ONLY
1249,NO_ARABIC_EQUIVALENT
1250,NO_ARABIC_EQUIVALENT
1251,MAPPED
1252,EVIDENCE_GAP_ONLY
1253,MAPPED
1254,MAPPED
1255,MAPPED
1256,MAPPED
1257,NO_ARABIC_EQUIVALENT
1258,NO_ARABIC_EQUIVALENT
1259,NO_ARABIC_EQUIVALENT
1260,MAPPED
1261,MAPPED
1262,NO_ARABIC_EQUIVALENT
1263,MAPPED
1264,MAPPED
3921,MAPPED
3923,MAPPED
4336,NO_ARABIC_EQUIVALENT
4472,NO_ARABIC_EQUIVALENT
4779,MAPPED
6053,MAPPED
6055,MAPPED
6266,EVIDENCE_GAP_ONLY
6387,MAPPED
6403,MAPPED
6404,MAPPED
6449,MAPPED
6646,MAPPED
6649,MAPPED
8221,NO_ARABIC_EQUIVALENT
8350,MAPPED
8772,MAPPED
8774,MAPPED
8775,MAPPED
8859,NO_ARABIC_EQUIVALENT
8883,NO_ARABIC_EQUIVALENT
8884,NO_ARABIC_EQUIVALENT
9951,MAPPED
11900,NO_ARABIC_EQUIVALENT
12992,EVIDENCE_GAP_ONLY
12993,NO_ARABIC_EQUIVALENT
14010,MAPPED
14180,MAPPED
14836,MAPPED
15044,MAPPED
15211,MAPPED
15318,MAPPED
15674,NO_ARABIC_EQUIVALENT
15926,MAPPED
16748,MAPPED
16778,MAPPED
17148,MAPPED
17151,MAPPED
17299,MAPPED
17323,MAPPED
17509,MAPPED
6525,MAPPED
6526,MAPPED
6548,MAPPED
6549,MAPPED
6550,MAPPED
6551,MAPPED
6552,MAPPED
6553,MAPPED
6554,MAPPED
6555,MAPPED
6556,MAPPED
6557,MAPPED
6558,MAPPED
6559,MAPPED
6584,MAPPED
6585,MAPPED
6586,MAPPED
6587,MAPPED
6588,MAPPED
6589,MAPPED
6590,MAPPED
6592,MAPPED
6609,MAPPED
6611,MAPPED
6612,MAPPED
6613,MAPPED
6615,EVIDENCE_GAP_ONLY
6616,MAPPED
6618,MAPPED
6620,MAPPED
6621,MAPPED
6622,MAPPED
6623,MAPPED
6624,MAPPED
6625,MAPPED
6626,MAPPED
6627,MAPPED
6628,EVIDENCE_GAP_ONLY
6651,MAPPED
6733,MAPPED
6770,MAPPED
13830,MAPPED
13864,MAPPED
14170,MAPPED
16026,MAPPED
16050,MAPPED
16051,MAPPED
16053,MAPPED
16054,MAPPED
16055,MAPPED
16056,MAPPED
17263,MAPPED
9590,MAPPED
9624,MAPPED
9625,MAPPED
9626,MAPPED
9627,MAPPED
9628,MAPPED
9629,MAPPED
9630,MAPPED
9631,MAPPED
9632,MAPPED
9633,EVIDENCE_GAP_ONLY
9634,MAPPED
9635,MAPPED
9636,MAPPED
9637,MAPPED
9638,MAPPED
9639,MAPPED
9640,MAPPED
9641,MAPPED
9642,EVIDENCE_GAP_ONLY
9643,MAPPED
9644,EVIDENCE_GAP_ONLY
9645,MAPPED
9646,MAPPED
9647,MAPPED
9648,EVIDENCE_GAP_ONLY
9650,MAPPED
9651,MAPPED
9652,EVIDENCE_GAP_ONLY
9653,MAPPED
9654,MAPPED
9655,MAPPED
9656,MAPPED
9657,MAPPED
9658,MAPPED
9659,MAPPED
9662,MAPPED
9663,MAPPED
9670,EVIDENCE_GAP_ONLY
9671,EVIDENCE_GAP_ONLY
9672,MAPPED
9673,MAPPED
9674,MAPPED
9675,EVIDENCE_GAP_ONLY
9676,NO_ARABIC_EQUIVALENT
9677,MAPPED
9678,MAPPED
9679,MAPPED
9680,MAPPED
9681,MAPPED
9682,MAPPED
9683,MAPPED
9684,EVIDENCE_GAP_ONLY
9685,EVIDENCE_GAP_ONLY
9686,MAPPED
9687,MAPPED
9688,MAPPED
9689,EVIDENCE_GAP_ONLY
9690,MAPPED
9691,MAPPED
9692,MAPPED
9693,MAPPED
9694,MAPPED
9695,EVIDENCE_GAP_ONLY
9696,EVIDENCE_GAP_ONLY
9698,MAPPED
9699,EVIDENCE_GAP_ONLY
9700,MAPPED
9701,MAPPED
9702,MAPPED
9703,MAPPED
9704,NO_ARABIC_EQUIVALENT
9705,MAPPED
9706,MAPPED
9707,MAPPED
9708,MAPPED
9709,EVIDENCE_GAP_ONLY
9710,EVIDENCE_GAP_ONLY
9711,EVIDENCE_GAP_ONLY
9712,EVIDENCE_GAP_ONLY
9713,MAPPED
9714,EVIDENCE_GAP_ONLY
9715,NO_ARABIC_EQUIVALENT
9716,EVIDENCE_GAP_ONLY
10906,EVIDENCE_GAP_ONLY
10907,EVIDENCE_GAP_ONLY
10909,MAPPED
673,MAPPED
675,MAPPED
676,MAPPED
681,MAPPED
682,MAPPED
683,MAPPED
684,EVIDENCE_GAP_ONLY
685,EVIDENCE_GAP_ONLY
686,EVIDENCE_GAP_ONLY
688,EVIDENCE_GAP_ONLY
689,MAPPED
690,MAPPED
695,MAPPED
696,MAPPED
697,MAPPED
698,EVIDENCE_GAP_ONLY
699,EVIDENCE_GAP_ONLY
703,MAPPED
708,MAPPED
709,MAPPED
710,MAPPED
711,MAPPED
713,EVIDENCE_GAP_ONLY
714,EVIDENCE_GAP_ONLY
715,MAPPED
718,MAPPED
719,MAPPED
720,MAPPED
721,NO_ARABIC_EQUIVALENT
725,MAPPED
728,MAPPED
729,MAPPED
730,MAPPED
732,MAPPED
733,MAPPED
734,EVIDENCE_GAP_ONLY
735,MAPPED
737,EVIDENCE_GAP_ONLY
738,MAPPED
739,MAPPED
740,MAPPED
741,MAPPED
742,MAPPED
743,MAPPED
744,MAPPED
745,MAPPED
746,EVIDENCE_GAP_ONLY
747,MAPPED
748,MAPPED
751,MAPPED
752,MAPPED
753,MAPPED
754,MAPPED
755,MAPPED
756,MAPPED
758,MAPPED
6204,MAPPED
6213,MAPPED
6652,NO_ARABIC_EQUIVALENT
8480,MAPPED
9825,NO_ARABIC_EQUIVALENT
9826,NO_ARABIC_EQUIVALENT
11020,EVIDENCE_GAP_ONLY
11329,MAPPED
12309,MAPPED
12375,MAPPED
13288,MAPPED
13289,EVIDENCE_GAP_ONLY
13774,MAPPED
13781,MAPPED
14420,EVIDENCE_GAP_ONLY
14565,MAPPED
14605,MAPPED
15385,MAPPED
15585,MAPPED
17435,MAPPED
17688,NO_ARABIC_EQUIVALENT
18666,EVIDENCE_GAP_ONLY
18700,EVIDENCE_GAP_ONLY
6299,MAPPED
6303,EVIDENCE_GAP_ONLY
6304,MAPPED
6305,MAPPED
6306,MAPPED
6307,MAPPED
6308,MAPPED
6309,NO_ARABIC_EQUIVALENT
6311,MAPPED
6314,MAPPED
6315,MAPPED
6317,MAPPED
6318,MAPPED
6319,MAPPED
6320,MAPPED
6321,EVIDENCE_GAP_ONLY
6322,EVIDENCE_GAP_ONLY
6323,MAPPED
6324,MAPPED
6325,MAPPED
6327,MAPPED
6328,EVIDENCE_GAP_ONLY
6329,MAPPED
6330,MAPPED
6331,MAPPED
6332,MAPPED
6333,MAPPED
6334,MAPPED
6335,MAPPED
6336,EVIDENCE_GAP_ONLY
6338,MAPPED
6339,EVIDENCE_GAP_ONLY
6340,MAPPED
6341,MAPPED
6342,MAPPED
6343,MAPPED
6344,MAPPED
6345,MAPPED
6346,MAPPED
6347,MAPPED
6348,MAPPED
6349,MAPPED
6350,EVIDENCE_GAP_ONLY
6351,MAPPED
6352,MAPPED
6353,MAPPED
6354,MAPPED
6356,MAPPED
6362,MAPPED
6363,MAPPED
6364,MAPPED
6365,MAPPED
6366,MAPPED
6367,MAPPED
6368,MAPPED
6369,MAPPED
6370,MAPPED
6371,MAPPED
6372,MAPPED
6373,MAPPED
6374,MAPPED
6375,MAPPED
6376,MAPPED
6377,MAPPED
6378,MAPPED
6379,MAPPED
6380,MAPPED
6381,MAPPED
6382,MAPPED
6383,MAPPED
6384,EVIDENCE_GAP_ONLY
6385,MAPPED
6386,MAPPED
6389,MAPPED
6390,MAPPED
6391,MAPPED
6392,MAPPED
6393,MAPPED
6394,MAPPED
6395,MAPPED
6396,MAPPED
6397,MAPPED
6398,MAPPED
6399,MAPPED
6400,EVIDENCE_GAP_ONLY
6402,MAPPED
6405,MAPPED
6406,MAPPED
6407,EVIDENCE_GAP_ONLY
6408,MAPPED
6409,EVIDENCE_GAP_ONLY
6410,MAPPED
6419,MAPPED
6431,EVIDENCE_GAP_ONLY
6433,EVIDENCE_GAP_ONLY
6434,MAPPED
6436,MAPPED
6437,MAPPED
6438,MAPPED
6439,MAPPED
6440,MAPPED
6443,EVIDENCE_GAP_ONLY
6444,MAPPED
6445,MAPPED
6446,EVIDENCE_GAP_ONLY
6447,EVIDENCE_GAP_ONLY
6448,MAPPED
6450,MAPPED
6451,EVIDENCE_GAP_ONLY
6452,MAPPED
6453,MAPPED
6454,MAPPED
6456,MAPPED
6457,MAPPED
6459,MAPPED
6463,MAPPED
6464,MAPPED
6465,MAPPED
6466,MAPPED
6468,MAPPED
6469,MAPPED
6473,MAPPED
6476,MAPPED
6481,MAPPED
6482,MAPPED
6483,MAPPED
6484,EVIDENCE_GAP_ONLY
6485,EVIDENCE_GAP_ONLY
6486,EVIDENCE_GAP_ONLY
6487,EVIDENCE_GAP_ONLY
6488,MAPPED
6508,MAPPED
6509,MAPPED
6527,EVIDENCE_GAP_ONLY
6528,MAPPED
6529,EVIDENCE_GAP_ONLY
6531,EVIDENCE_GAP_ONLY
6533,MAPPED
6547,MAPPED
6647,MAPPED
6648,MAPPED
6650,MAPPED
6664,MAPPED
6665,MAPPED
6738,MAPPED
6739,EVIDENCE_GAP_ONLY
6771,MAPPED
6772,MAPPED
6773,MAPPED
6774,MAPPED
6815,MAPPED
6854,EVIDENCE_GAP_ONLY
7197,MAPPED
7198,MAPPED
7199,EVIDENCE_GAP_ONLY
7653,MAPPED
10247,MAPPED
10251,EVIDENCE_GAP_ONLY
10253,MAPPED
10254,MAPPED
10255,MAPPED
10352,MAPPED
10353,MAPPED
10354,MAPPED
11204,MAPPED
11205,MAPPED
13500,MAPPED
13707,MAPPED
13758,MAPPED
13812,MAPPED
13813,NO_ARABIC_EQUIVALENT
14354,MAPPED
14355,MAPPED
14951,MAPPED
15205,MAPPED
15559,MAPPED
15710,MAPPED
16262,MAPPED
17270,EVIDENCE_GAP_ONLY
5376,MAPPED
5377,NO_ARABIC_EQUIVALENT
5378,MAPPED
5379,MAPPED
5380,MAPPED
5382,MAPPED
5383,MAPPED
5384,NO_ARABIC_EQUIVALENT
5385,MAPPED
5386,EVIDENCE_GAP_ONLY
5387,MAPPED
5388,EVIDENCE_GAP_ONLY
5389,MAPPED
5390,MAPPED
5391,MAPPED
5392,NO_ARABIC_EQUIVALENT
5393,MAPPED
5394,MAPPED
5395,MAPPED
5396,MAPPED
5397,MAPPED
5398,MAPPED
5399,MAPPED
5400,NO_ARABIC_EQUIVALENT
5401,MAPPED
5402,MAPPED
5403,MAPPED
5404,MAPPED
5405,MAPPED
5406,MAPPED
5407,MAPPED
5408,MAPPED
5409,EVIDENCE_GAP_ONLY
5410,MAPPED
5411,MAPPED
5412,MAPPED
5413,MAPPED
5414,MAPPED
5415,MAPPED
5416,MAPPED
5417,NO_ARABIC_EQUIVALENT
5418,EVIDENCE_GAP_ONLY
5419,EVIDENCE_GAP_ONLY
5420,MAPPED
5438,MAPPED
5439,MAPPED
5440,NO_ARABIC_EQUIVALENT
5441,EVIDENCE_GAP_ONLY
5442,NO_ARABIC_EQUIVALENT
5443,NO_ARABIC_EQUIVALENT
5444,MAPPED
5453,MAPPED
5454,EVIDENCE_GAP_ONLY
5455,MAPPED
5456,MAPPED
5457,MAPPED
5458,MAPPED
5459,MAPPED
5460,MAPPED
5461,MAPPED
5462,EVIDENCE_GAP_ONLY
5481,EVIDENCE_GAP_ONLY
5608,EVIDENCE_GAP_ONLY
5839,MAPPED
5845,MAPPED
5848,MAPPED
5861,MAPPED
5862,MAPPED
5863,MAPPED
5864,MAPPED
5865,MAPPED
8747,MAPPED
10185,MAPPED
11199,MAPPED
11703,MAPPED
13548,MAPPED
13591,EVIDENCE_GAP_ONLY
13756,MAPPED
14002,MAPPED
14207,EVIDENCE_GAP_ONLY
14243,EVIDENCE_GAP_ONLY
14556,MAPPED
14606,MAPPED
14633,MAPPED
14793,EVIDENCE_GAP_ONLY
14899,EVIDENCE_GAP_ONLY
14900,MAPPED
15096,MAPPED
16292,MAPPED
16378,MAPPED
16656,MAPPED
18623,MAPPED
7774,EVIDENCE_GAP_ONLY
7775,MAPPED
7776,MAPPED
7777,MAPPED
7779,MAPPED
7780,MAPPED
7781,MAPPED
7782,MAPPED
7783,MAPPED
7785,MAPPED
7786,MAPPED
7787,MAPPED
7788,MAPPED
7789,MAPPED
7790,MAPPED
7791,MAPPED
7792,MAPPED
7793,MAPPED
7794,MAPPED
7821,MAPPED
7822,MAPPED
7823,MAPPED
7826,MAPPED
7827,MAPPED
7828,MAPPED
8255,MAPPED
8558,MAPPED
10633,MAPPED
10634,MAPPED
10635,MAPPED
10636,MAPPED
10637,MAPPED
10652,MAPPED
10653,MAPPED
10654,MAPPED
10655,MAPPED
10704,MAPPED
10707,MAPPED
11197,MAPPED
11311,MAPPED
11328,MAPPED
11415,MAPPED
11416,MAPPED
11425,MAPPED
11790,MAPPED
12170,MAPPED
12330,MAPPED
12334,MAPPED
12422,MAPPED
12458,MAPPED
12651,MAPPED
12652,MAPPED
12706,MAPPED
13085,MAPPED
13357,EVIDENCE_GAP_ONLY
13358,MAPPED
13429,MAPPED
14026,MAPPED
14027,MAPPED
14159,MAPPED
16592,MAPPED
16612,EVIDENCE_GAP_ONLY
16628,MAPPED
16694,MAPPED
16722,MAPPED
16777,MAPPED
18650,MAPPED
18668,MAPPED
18677,MAPPED
3737,EVIDENCE_GAP_ONLY
3738,EVIDENCE_GAP_ONLY
3739,EVIDENCE_GAP_ONLY
3740,MAPPED
3741,MAPPED
3743,NO_ARABIC_EQUIVALENT
3744,EVIDENCE_GAP_ONLY
3745,EVIDENCE_GAP_ONLY
3746,MAPPED
3747,MAPPED
3748,MAPPED
3749,MAPPED
3750,MAPPED
3752,MAPPED
3753,MAPPED
3754,EVIDENCE_GAP_ONLY
3755,MAPPED
3756,MAPPED
3761,EVIDENCE_GAP_ONLY
3762,NO_ARABIC_EQUIVALENT
3763,MAPPED
3771,MAPPED
3958,EVIDENCE_GAP_ONLY
3959,MAPPED
3960,MAPPED
3961,NO_ARABIC_EQUIVALENT
3963,EVIDENCE_GAP_ONLY
3964,MAPPED
3965,MAPPED
3966,EVIDENCE_GAP_ONLY
3967,MAPPED
3968,MAPPED
3969,NO_ARABIC_EQUIVALENT
3970,NO_ARABIC_EQUIVALENT
3971,MAPPED
3972,MAPPED
3973,NO_ARABIC_EQUIVALENT
3974,NO_ARABIC_EQUIVALENT
10940,MAPPED
10941,MAPPED
10942,MAPPED
10950,MAPPED
10974,MAPPED
10980,MAPPED
10984,MAPPED
10993,MAPPED
11000,MAPPED
11001,MAPPED
