en	ar
Condell	كونديل
Endill	إنديل
Qian Qichen	تشيان تشيتشن
Sonny	سوني
Sandra	ساندرا
K-Mart	كي-مارت
Dennis Rodman	دنيس رودمان
Linda	ليندا
Juan	خوان
Peter	بيتر
Mortiarty	مورتيارتي
Europe	أوروبا
Las Vegas	لاس فيغاس
California	كاليفورنيا
Nevada	نيفادا
West Germany	ألمانيا الغربية
North Berkeley	نورث بيركلي
Agoura Jills	أغورا جيلز
Baker	بيكر
Murdock	ماردوك
Stick	ستيك
Ka'u	كاوو
Everest	إيفرست
Mortimer	مورتيمر
Isabella	إيزابيلا
Port Harcourt	بورت هاركورت
Jan	يان
Duncan Smith	دنكان سميث
Lincoln Towncar	لينكولن تاون كار
Kenneth	كينيث
Lermontov	ليرمونتوف
Marcel	مارسيل
Eldridge	إلدريدج
Charles	تشارلز
Jelena	يلينا
Serena	سيرينا
Greg	غريغ
Michell	ميشيل
Bobby	بوبي
Ava	آفا
Amazon.com	أمازون
Gem	جيم
Jimmy	جيمي
Sloppy Joes	سلوبي جو
Washington	واشنطن
Athens	أثينا
Springfield	سبرينغفيلد
Kenmore	كينمور
Arizona	أريزونا
Javier Soledad	خافيير سوليداد
Cyril	سيريل
Winston	ونستون
Carol	كارول
Mort	مورت
Andrea	أندريا
Burford	بورفورد
Lilliputians	الليليبوتيون
Sniper's Alley	سنايبرز آلي
Method	ميثود
Charlie	تشارلي
Lao Tzu	لاو تسو
Confucious	كونفوشيوس
Jefferson	جيفرسون
Armistice Day	يوم الهدنة
Veterans' Day	يوم قدامى المحاربين
Jimmy Hoffa	جيمي هوفا
Drew	درو
Patty	باتي
Congress	الكونغرس
Cybil	سيبيل
Betty	بيتي
Gerry	جيري
Nigerian	نيجيري
US	الولايات المتحدة
Orange	أورانج
African-American	أمريكي من أصل أفريقي
Berkeley	بيركلي
Biancaniello	بيانكانيلو
Burma	بورما
Catholic Church	الكنيسة الكاثوليكية
Christmas	عيد الميلاد
Duncan	دنكان
Elliott	إليوت
Germans	الألمان
Joe	جو
M-16	إم-16
Martha Stewart	مارثا ستيوارت
Marty	مارتي
Oswald	أوزوالد
Phoenix	فينيكس
San Francisco	سان فرانسيسكو
Satan	الشيطان
Wilson	ويلسون
YouTube	يوتيوب
Wawona Hotel	فندق واوونا
Yosemite National Park	منتزه يوسمايت الوطني
Scottish Claymores	سكوتش كلايمورز
NFL Europe League	دوري إن إف إل الأوروبي
Baltimore	بالتيمور
Van Auken	فان أوكن
Pennsylvania	بنسلفانيا
Franco Acerbis	فرانكو أتشيربيس
Aengaela	أينغيلا
Gaskill	غاسكيل
Oscar Marone	أوسكار مارون
CBS	سي بي إس
The Bold and the Beautiful	الجريء والجميل
Kellie Anngotell	كيلي أنغوتيل
Emil Fredette	إميل فريديت
Ellen	إلين
Smiths	آل سميث
Arlene	أرلين
Amber	آمبر
Jude	جود
Turkey	تركيا
England	إنجلترا
Russell	راسل
Steven	ستيفن
Shield Theater	مسرح شيلد
Macbeth	ماكبث
WKRR	دبليو كيه آر آر
Josh	جوش
Goldberg	غولدبرغ
Chris	كريس
Idaho	أيداهو
Sony	سوني
Togs	توغز
Jackie	جاكي
Lindsay	ليندسي
Timothy McVeigh	تيموثي ماكفاي
Alex	أليكس
Lulu	لولو
Fourier	فورييه
Calgary	كالغاري
Ontario	أونتاريو
Kris Leeson	كريس ليسون
Sergei Kirov	سيرغي كيروف
Obscurania	أوبسكورانيا
Pelican Bay	بيليكان باي
Monica	مونيكا
Tennessee	تينيسي
Kolimov	كوليموف
Willy C. Peterson	ويلي سي بيترسون
Carruthers	كاروذرز
Fort Pulaski	فورت بولاسكي
FrameNet	فريم نت
Dodge Durango	دودج دورانغو
Sheree Benefield	شيري بينفيلد
Jon Benefield	جون بينفيلد
Warrior	واريور
Algebra Buster	ألجبرا باستر
Addams	آدامز
Shanahan	شاناهان
Rushey Mead	رشي ميد
Leicester	ليستر
Datsun	داتسون
Gilroes	جيلروز
Fiat Panda	فيات باندا
Lisa	ليزا
Bosnia	البوسنة
Lassen	لاسن
General Electric	جنرال إلكتريك
Miami	ميامي
Shelley Walker	شيلي ووكر
Washoe County	مقاطعة واشو
James Madison Memorial High School	مدرسة جيمس ماديسون التذكارية الثانوية
Jack Robbins	جاك روبنز
Samptu	سامبتو
Abde	أبدي
Hattusas	حاتوساس
Neva	نيفا
West	ويست
Kraft	كرافت
Bumblefuck	بامبلفك
Kansas	كانساس
Great Britain	بريطانيا العظمى
Lothlorien	لوثلوريان
Agbenugba	أغبينوغبا
Barthes	بارت
Levi-Strauss	ليفي شتراوس
Tolkien	تولكين
Leadbelly	ليدبيلي
Jimmie Rodgers	جيمي رودجرز
Johnson	جونسون
Holter	هولتر
De Klerk	دي كليرك
Smiter	سمايتر
DOS	دوس
Windows	ويندوز
McNamara	ماكنمارا
Scots Guard	سكوتس غارد
Frink	فرينك
Macarthur	ماك آرثر
Eames	إيمز
Poland	بولندا
Santa Claus	سانتا كلوز
Blair	بلير
David Bowie	ديفيد بوي
Jerry Rivers	جيري ريفرز
Ling	لينغ
Saul of Tarsus	شاول الطرسوسي
Bob Craft	بوب كرافت
Jack Ass	جاك آس
Healer Craft	هيلر كرافت
Ultima Series	سلسلة ألتيما
Sally	سالي
Stampy	ستامبي
Sainsbury	ساينزبري
Royal Lancaster Hotel	فندق رويال لانكستر
Tim Thomas	تيم توماس
Sunil	سونيل
Bragg	براغ
Imperial regal	إمبريال ريغال
A Brief History of Medicine	تاريخ موجز للطب
coq au vin rouge	كوك أو فان روج
Sarbanes-Oxley Act	قانون ساربينز-أوكسلي
Mona	مونا
Billy	بيلي
Junior	جونيور
Harry Kim	هاري كيم
Voyager	فوياجر
Jesus	يسوع
Nazareth	الناصرة
Ramadan	رمضان
Clark	كلارك
Aeryn	آيرين
Lynn	لين
Vietnam	فيتنام
Venetians	البنادقة
Cobra	كوبرا
Christ	المسيح
Jean Louis Pons	جان لوي بونس
Johann Sigismund Huth	يوهان سيغيسموند هوت
Alexis Bouvard	ألكسي بوفار
Protestant Reformation	الإصلاح البروتستانتي
Christ the King Presbyterian Church	كنيسة المسيح الملك المشيخية
Tony	توني
Herminio	إرمينيو
Nome	نوم
Sir Alec Guiness	السير أليك غينيس
Billy Throb	بيلي ثروب
La Notte	لا نوتّي
Margaret	مارغريت
MGM	مترو غولدوين ماير
Barney Smith	بارني سميث
NT	إن تي
Winfield Dunn	وينفيلد دَن
Carter	كارتر
Thomas More	توماس مور
Hearst	هيرست
Jimmy Carter	جيمي كارتر
Israel	إسرائيل
Bush	بوش
Tariq Pervez	طارق برويز
Ijazul Hassan	إعجاز الحسن
Columbus	كولومبوس
Robert Esche	روبرت إيش
FDA	إدارة الغذاء والدواء
Dowdy	داودي
Chaoyang Town	بلدة تشاويانغ
Irma	إيرما
Alf	آلف
Future Farmers of America	مزارعو أمريكا المستقبليون
Giles	جايلز
Elan	إيلان
Lotus	لوتس
David Hasselhoff	ديفيد هاسلهوف
MATAC	ماتاك
Mid-Atlantic	وسط الأطلسي
FOAP	فوآب
Nordic Club	النادي الإسكندنافي
Montana State University	جامعة ولاية مونتانا
Andrew S. Pitt	أندرو س. بيت
Pitt	بيت
Conectisys	كونيكتيسيس
Conectisys Corporation	شركة كونيكتيسيس
BM Capital Corp.	شركة بي إم كابيتال
Zaman	زمان
Smith Benton	سميث بنتون
D-Day	يوم الإنزال
Osako	أوساكو
France	فرنسا
Belgium	بلجيكا
Holland	هولندا
Cuba	كوبا
Mahoney	ماهوني
United States	الولايات المتحدة
WICS-TV	دبليو آي سي إس-تي في
Rife	رايف
Magosix	ماغوسيكس
Barney	بارني
Felix	فيليكس
Bennett	بينيت
Lorna	لورنا
Jean	جان
Eisenhower	أيزنهاور
Australia	أستراليا
Cornelis Wynkoop	كورنيليس وينكوب
Virginia	فرجينيا
Lester Hayes	ليستر هايز
Benin	بنين
Sweden	السويد
Tiffany	تيفاني
Kozmo	كوزمو
Fish	فيش
Ashley	آشلي
Hunt	هانت
Hummel	هامل
Delmar	دلمار
Atulprasad	أتولبراساد
Wooley	وولي
Texas	تكساس
Mulder	مولدر
Raja	راجا
Rao	راو
Mo	مو
Larry	لاري
Osama	أسامة
bin Laden	بن لادن
Boral	بورال
Kyoto	كيوتو
UN	الأمم المتحدة
Aleksander Kwasniewski	ألكسندر كفاشنيفسكي
Europol	يوروبول
EU	الاتحاد الأوروبي
Rotterdam	روتردام
Inuit	الإنويت
Labrador	لابرادور
Roman Catholic Church	الكنيسة الكاثوليكية الرومانية
Conservative Party	حزب المحافظين
Lucien	لوسيان
Greenspan	غرينسبان
Palestine	فلسطين
Iraq	العراق
El Salvador	السلفادور
Matthews	ماثيوز
Waltons-Morse	والتونز-مورس
Dorrington	دورينغتون
Venus	الزهرة
Heku	هيكو
Africa	أفريقيا
Pilot Mountain	جبل بايلوت
NC	نورث كارولينا
Europa	أوروبا
Io	آيو
Mekong Basin	حوض الميكونغ
Jack Yan	جاك يان
Korea	كوريا
Americans	الأمريكيون
Soviet	السوفييتي
German	الألماني
Homeowners Rescue	هومأونرز ريسكيو
Generality	الجنرالية
Gaudí	غاودي
Horace Holmcroft	هوراس هولمكروفت
Dayton	دايتون
Tazewell	تازيويل
Nuayman	نعيمان
Genesis	جينيسيس
Kellie	كيلي
Senate	مجلس الشيوخ
House	مجلس النواب
Marinkovic	مارينكوفيتش
Descartes	ديكارت
Christina	كريستينا
Stockholm	ستوكهولم
Runnymede	رَنيميد
Corfu	كورفو
Romans	الرومان
India	الهند
Broward	براوارد
Noriega	نورييغا
American	الأمريكي
Serbia	صربيا
Montenegro	الجبل الأسود
Persians	الفرس
Jeremey	جيرمي
God	الله
BSM	بي إس إم
Canadian	كندي
Middle East	الشرق الأوسط
China	الصين
Brunswick	برونزويك
ICBL	آي سي بي إل
Mine Ban Treaty	معاهدة حظر الألغام
South Asia	جنوب آسيا
Dell	ديل
SAT	إس إيه تي
Monophysite	المونوفيزي
Foucault	فوكو
French Island	جزيرة فرنش
south Lebanon	جنوب لبنان
Basque	الباسك
Tory	التوري
Athenians	الأثينيون
Attica	أتيكا
Cherokee	الشيروكي
UK	المملكة المتحدة
AK-47	إيه كي-47
U.S.	الولايات المتحدة
Kazakhstan	كازاخستان
Lin'an	لينآن
Hertfordshire	هرتفوردشير
WB	دبليو بي
Oscar	أوسكار
Portland General Electric	بورتلاند جنرال إلكتريك
Saskatchewan	ساسكاتشوان
UAE	الإمارات العربية المتحدة
United Arab Emirates	الإمارات العربية المتحدة
Pentagon	البنتاغون
FBI	إف بي آي
Fiske	فيسك
Foster	فوستر
Nabu-Kudurri-Usur	نابو-كودوري-أوسور
Sierra Club	نادي سييرا
Catholic	الكاثوليكي
SAGE	سيج
PBGC	بي بي جي سي
NIST	إن آي إس تي
Ziploc	زيبلوك
Levi Strauss	ليفي شتراوس
Diablo Silversmiths	ديابلو سيلفرسميثس
Essex	إسكس
Laurel	لوريل
Darwin	داروين
Damasio	دَماسيو
Arturo Boncato Jr.	أرتورو بونكاتو الابن
Marco Polo Hotel	فندق ماركو بولو
Englishmen	الإنجليز
Spanish	الإسبانية
Kuala Lumpur	كوالالمبور
Reilly	رايلي
New Orleans	نيو أورلينز
TCI	تي سي آي
Eastern District Court of Appeals	محكمة الاستئناف للمقاطعة الشرقية
US District Court	محكمة المقاطعة الأمريكية
Boston	بوسطن
Alaska State Superior Court	المحكمة العليا لولاية ألاسكا
Alaska	ألاسكا
Chugach Electric Association	جمعية تشوغاش للكهرباء
International Monetary Fund Administrative Tribunal	المحكمة الإدارية لصندوق النقد الدولي
IMF	صندوق النقد الدولي
International Criminal Tribunal for Rwanda	المحكمة الجنائية الدولية لرواندا
Rwanda	رواندا
Mikaeli Muhimana	ميكائيلي موهيمانا
High Court of Calcutta	محكمة كلكتا العليا
Calcutta	كلكتا
Bengal	البنغال
Ante Gotovina	أنتي غوتوفينا
International Criminal Tribunal	المحكمة الجنائية الدولية
Den Hague	لاهاي
Supreme Court of Alabama	المحكمة العليا لولاية ألاباما
Alabama	ألاباما
US District Court of Central California	محكمة المقاطعة الأمريكية لوسط كاليفورنيا
Carlos Armando Amado	كارلوس أرماندو أمادو
Water Pollution Control Plant	محطة مكافحة تلوث المياه
Bangkok	بانكوك
DeKalb County School System	نظام مدارس مقاطعة ديكالب
Peachtree Middle School	مدرسة بيتشتري المتوسطة
Kwame Kilpatrick	كوامي كيلباتريك
Detroit	ديترويت
PDA	المساعد الرقمي الشخصي
Paul Reubens	بول روبنز
Pee-wee	بي-وي
Golden Mountaineer Card	بطاقة غولدن ماونتينير
America	أمريكا
Natalie Cole	ناتالي كول
Egypt	مصر
Adams	آدمز
Saddam	صدام
Spain	إسبانيا
Reagan	ريغان
Kiyosaki	كيوساكي
Annie	آني
Renita	رينيتا
Diana Plesa	ديانا بليسا
Hermann	هيرمان
Kafka	كافكا
John Ryan	جون رايان
Parliament	البرلمان
Citizenship and Immigration Canada	دائرة المواطنة والهجرة الكندية
Nicaraguan National Assembly	الجمعية الوطنية النيكاراغوية
Turks	الأتراك
Tikul	تيكول
Killers	كيلرز
Manila	مانيلا
Fife	فايف
Tarawa	تاراوا
Gilbert Islands	جزر جيلبرت
Dyna-Cruiser	الداينا-كروزر
la Balme	لا بالم
Davenport Gap	ممر دافنبورت
Jamaorn	جامأورن
Lescarbot	ليسكاربو
HT Richardson	إتش تي ريتشاردسون
Teresa Lavender Fagan	تيريزا لافندر فاغان
Anne Ratkowski	آن راتكوفسكي
November Group	مجموعة نوفمبر
Guizot	غيزو
Louis Philippe	لويس فيليب
Fir Park	فِر بارك
Molly	مولي
Desmond	ديزموند
O'Connell Bridge	جسر أوكونيل
D'Olier Street	شارع دوليير
College Street	شارع كوليدج
Narragansett	ناراغانسيت
Edmonton	إدمنتون
Charlie Huddy	شارلي هادي
Lemieux	لوميو
Stevens	ستيفنز
Kevin Lowe	كيفن لاو
Fuhr	فور
Park Avenue	جادّة بارك
Kel Tole	كيل تولي
Kilgal Tole	كيلغال تولي
Wakefield	ويكفيلد
Falls of Neuse Road	طريق فولز أوف نيوز
And?lka	أندالكا
Sir Denis Mahon	السير دنيس ماهون
Eddie	إيدي
Frances	فرانسيس
Parmigianino	بارميجانينو
National Gallery	المعرض الوطني
Madonna dal collo lungo	مادونا دال كولو لونغو
Garofalo	غاروفالو
Vasari	فاساري
Union School	مدرسة يونيون
Albrecht	ألبريشت
Aphrodite	أفروديت
Virgin Mary	العذراء مريم
Pakistanis	باكستانيون
Anderson	أندرسون
Devil's Den	ديفلز دن
DCS	دي سي إس
Belfast	بلفاست
Katrina	كاترينا
Shreveport	شريفبورت
Gruenwald	غرونفالد
Michael Jackson	مايكل جاكسون
Jamaica	جامايكا
Melissa	ميليسا
Jessica	جيسيكا
Terri	تيري
Kelly	كيلي
Aston	أستون
Channing House	تشانينغ هاوس
Examiner	إكزامينر
Menlo Park	مِنلو بارك
Stuart	ستيوارت
Mercer	ميرسر
Yakuza	ياكوزا
Sava	سافا
Serbs	الصرب
Serbian	الصربية
Gulfport	غلفبورت
Bronx	برونكس
SpeedBar	سبيدبار
Titius-Bode	تيتيوس-بوده
Bob	بوب
U-haul	يو-هول
Ned	نِد
Tempsford	تمبسفورد
East Anglia	إيست أنغليا
Lake St. Clair	بحيرة سانت كلير
Geoffrey Rush	جيفري راش
Georgia	جورجيا
Tbilisi	تبليسي
Triassic Era	العصر الترياسي
Moscow	موسكو
Grand Canyon	غراند كانيون
Woodstock	وودستوك
NY	نيويورك
Tours	تور
Mississippi	المسيسيبي
Bonneville	بونفيل
Densmore	دنسمور
Piran	بيران
Lasota	لاسوتا
Chinese	الصيني
Bible	الكتاب المقدس
Linnaeus	لينيوس
Britain	بريطانيا
Gaul	بلاد الغال
Kuwait	الكويت
Gulf war	حرب الخليج
Russia	روسيا
Henry II	هنري الثاني
Hitler	هتلر
Austria	النمسا
Monk	مونك
Jacobite	اليعاقبة
General Winter	الجنرال الشتاء
Napoleon	نابليون
Allied	الحلفاء
Angolan	أنغولي
Zaire	زائير
Berlin	برلين
Wexford	ويكسفورد
Zambia	زامبيا
Tendler	تندلر
Brazil	البرازيل
Mahmod	محمود
Dana	دانا
Chinua	تشينوا
Achebe	أتشيبي
NASDAQ	ناسداك
Ben	بِن
Fornalutx	فورنالوتش
Woolf	وولف
Frank Sinatra	فرانك سيناترا
Web 2.0	ويب 2.0
Anthony	أنتوني
HIV	إتش آي في
San Diego	سان دييغو
Dali	دالي
Shakespeare	شكسبير
Four Seasons	فور سيزونز
Green Eggs and Ham	غرين إغز آند هام
Bob Dylan	بوب ديلان
Dumas	دوما
Hanna Montana	هانا مونتانا
Jeremy	جيريمي
Exxon	إكسون
McDonalds	ماكدونالدز
Ikea	إيكيا
Congo	الكونغو
E.U.	الاتحاد الأوروبي
Jones	جونز
NATO	الناتو
Yosemite	يوسمايت
New York City	مدينة نيويورك
Memorial Day	يوم الذكرى
Kevlar	كيفلر
Oakland International	أوكلاند الدولي
Pier 21	رصيف 21
Sing Sing	سينغ سينغ
Phil	فِيل
Afghanistan	أفغانستان
Collins	كولينز
Patrick	باتريك
Dorsia	دورسيا
Somme	السوم
Louvre	اللوفر
Cancun	كانكون
Johann	يوهان
Jacob	جاكوب
Rolf	رولف
Vienna	فيينا
Justin	جاستن
Mica	مايكا
Jeff	جيف
Silke	سيلكه
Sherman	شيرمان
Rachel	راشيل
Joey	جوي
Petri	بتري
Caux	كو
Negroponte	نيغروبونتي
MIT	إم آي تي
Linkworth	لينكوورث
Lemaire	لومير
Macmillan	ماكميلان
Eliza	إليزا
Smohalla	سموهالا
Laura	لورا
London	لندن
Emma	إيما
Gwenny	غويني
Ukraine	أوكرانيا
Mark	مارك
Morrow	مورو
Bradlee	برادلي
Smithers	سميذرز
Margerite	مارغريت
Dubai	دبي
Saxon	السكسونية
Holocaust	المحرقة
Britian	بريطانيا
Jerry	جيري
BBC News	بي بي سي نيوز
Dolce and Gabbana	دولتشي وغابانا
D and G	دي أند جي
Ellis Island	جزيرة إليس
Nasser Hussian	ناصر حسين
Robert	روبرت
