wazn,class
فَعَالَة,noun
فُعُول,noun
فَيْعِل,noun
فَيْعِلَة,noun
فُعُولَة,noun
فُعَيْلَة,noun
فُعَيْل,noun
فُعَيِّل,noun
فُعَيْعِل,noun
فُعَيْلَاء,noun
فُعَّلَة,noun
فُعَّل,noun
فَعٌ,noun
فَعَة,noun
فِعَة,noun
عِلَة,noun
اِفْعٌ,noun
فِعْت,noun
فُعْت,noun
مُفْعَلِلّ,noun
اِفْعِئْلَال,noun
إِفَالَة,noun
فُعْلِيَة,noun
أُفْعُلّ,noun
فُعَلَة,noun
فُعْلَة,noun
أُفْعُلَة,noun
أَفْعَلَة,noun
أُفْعُوَالَة,noun
فِيعَال,noun
فُعُلّ,noun
فُعَالَاء,noun
فُعُولِيّ,noun
أَفْعَالِيّ,noun
اِفْعَأَلَّ,verb
تَأَفْعَلَ,verb
أُفْعِلَ,verb
